,Name,RogueTemple,Link,Released,Updated,Developer,Theme,Influences,Inferred_Roguelike_Influences,Inferred_Roguelikelike_Influences,Inferred_Other_Influences
0,100 Rogues,http://roguebasin.roguelikedevelopment.org/index.php?title=100 Rogues,http://www.100rogues.com/,2010-05-06,2010-05-06,Dinofarm Games,Fantasy,"[""Rogue""]","[""Rogue"", ""Cardinal Quest"", ""The Dungeon"", ""Omega""]","[""Diablo"", ""Nuclear Throne""]","[""Satan"", ""Persona"", ""Fairy"", ""Nidhogg"", ""Star Wars""]"
1,1Quest,http://roguebasin.roguelikedevelopment.org/index.php?title=1Quest,http://www.ratzngodz.fr,2014-02-20,2015-02-07,Ratz 'N' Godz,Fantasy,"[""Dungeon Crawl Stone Soup"", ""Dominions 4: Thrones of Ascension""]",[],[],"[""Star Traders"", ""Resident Evil"", ""Star Trek""]"
2,3059,http://roguebasin.roguelikedevelopment.org/index.php?title=3059,https://sites.google.com/site/free3069/3059----the-beginning,2005-01-01,2005-06-11,Phr00t,"Science Fiction, Alien Planets, Futuristic","[""NetHack""]","[""3069"", ""3079"", ""3089""]",[],"[""Post Mortem"", ""Syberia"", ""Carmageddon"", ""Still Life"", ""Game of Thrones""]"
3,3069,http://roguebasin.roguelikedevelopment.org/index.php?title=3069,http://sites.google.com/site/free3069/,2009-07-06,2009-10-06,Phr00t,"Science Fiction, Alien Planets, Futuristic","[""3059""]","[""3059"", ""3079"", ""3089""]",[],"[""Post Mortem"", ""Syberia"", ""Carmageddon"", ""Game of Thrones"", ""Deadly Premonition""]"
4,3079,http://roguebasin.roguelikedevelopment.org/index.php?title=3079,http://sites.google.com/site/3079game/,2011-10-25,2015-02-13,Phr00t,"Science Fiction, Alien Planets, Futuristic","[""3059"", ""3069"", ""Fallout"", ""Minecraft""]","[""3059"", ""3069"", ""3089""]",[],"[""Post Mortem"", ""Deadly Premonition"", ""Syberia"", ""Hotel"", ""Suspect""]"
5,3089,http://roguebasin.roguelikedevelopment.org/index.php?title=3089,http://3089game.wordpress.com/,2013-02-02,2014-02-27,Phr00t,"Science Fiction, Alien Planets, Futuristic","[""3059"", ""3069"", ""3079"", ""Borderlands""]","[""3079"", ""3059"", ""3069""]",[],"[""Post Mortem"", ""Syberia"", ""Carmageddon"", ""Overlord"", ""Game of Thrones""]"
6,7KBRLL,http://roguebasin.roguelikedevelopment.org/index.php?title=7KBRLL,https://sites.google.com/site/7kbrll,2014-07-11,2014-01-01,OMVTW,"humor, psychological","[""NetHack"", ""Rogue""]","[""NetHack"", ""Sleeping Beauty""]","[""Diablo""]","[""Post Mortem"", ""Loom"", ""Carmageddon"", ""Game of Thrones"", ""Deadly Premonition""]"
7,ADOM,http://roguebasin.roguelikedevelopment.org/index.php?title=ADOM,http://www.adom.de/,1994-01-01,2018-05-02,Thomas Biskup,Fantasy,"[""Hack""]",[],[],"[""Fallout"", ""Monster Hunter"", ""Dwarf Fortress"", ""Caverns of Chaos"", ""Trolls""]"
8,Advanced Rogue,http://roguebasin.roguelikedevelopment.org/index.php?title=Advanced Rogue,http://rogue.rogueforge.net/,2005-01-01,2007-08-01,"Michael Morgan, Ken Dalka, Roguelike Restoration Project, others",,"[""Rogue"", ""Super-Rogue""]","[""Rogue"", ""XRogue"", ""LinuxRogue"", ""Rogue Clone"", ""UltraRogue""]","[""Diablo III"", ""Diablo"", ""Spelunky"", ""Rogue Legacy""]","[""Henry"", ""Egypt"", ""Gothic"", ""President"", ""Between""]"
9,AGB Hack,http://roguebasin.roguelikedevelopment.org/index.php?title=AGB Hack,http://www.freewebs.com/drussell/#GBA,2006-11-26,2006-11-26,Donnie Russell,,[],"[""NetHack"", ""Hack"", ""AGB Rogue""]",[],"[""Light"", ""Black"", ""Love"", ""Patience"", ""Pacific""]"
10,AGB Rogue,http://roguebasin.roguelikedevelopment.org/index.php?title=AGB Rogue,http://www.freewebs.com/drussell/Download.htm,2007-01-01,2007-08-05,Donnie Russell,Fantasy,[],"[""Rogue"", ""ClassicRogue"", ""ADOM"", ""Angband"", ""ChessRogue""]","[""The Binding of Isaac""]","[""Artifact"", ""Halloween"", ""Warm Up"", ""Light"", ""Amulet of Yendor""]"
11,Alphaman,http://roguebasin.roguelikedevelopment.org/index.php?title=Alphaman,,1995-01-01,1995-01-01,Jeffrey R. Olson,Post-Apocalyptic,[],"[""NetHack"", ""Rogue"", ""Larn""]",[],"[""AlphaMan"", ""Star Wars"", ""Doom"", ""Assassin"", ""Search""]"
12,AMoria,http://roguebasin.roguelikedevelopment.org/index.php?title=AMoria,,,,,,"[""Moria""]",[],"[""Diablo""]","[""Post Mortem"", ""Syberia"", ""Mars"", ""Carmageddon"", ""Game of Thrones""]"
13,Ananias,http://roguebasin.roguelikedevelopment.org/index.php?title=Ananias,http://ananiasgame.com,2014-05-14,2018-01-13,Slash,Fantasy,"[""DoomRL""]",[],"[""Diablo""]","[""Post Mortem"", ""Still Life"", ""Syberia"", ""Deadly Premonition"", ""Black""]"
14,Angband,http://roguebasin.roguelikedevelopment.org/index.php?title=Angband,http://rephial.org/,1990-01-01,2017-12-22,"Alex Cutler, Andy Astrand, many others. Angband is currently maintained by Nick McConnell and the Angband devteam.",Fantasy,"[""Moria"", ""Tolkien's Middle-Earth"", ""D&D"", ""Rolemaster""]","[""Moria"", ""NetHack"", ""ZAngband"", ""Rogue"", ""Hengband""]","[""Spelunky"", ""The Binding of Isaac"", ""Diablo"", ""Diablo II""]","[""Borg"", ""Search"", ""The Hobbit"", ""Artifact"", ""Victory""]"
15,Animeband,http://roguebasin.roguelikedevelopment.org/index.php?title=Anime Angband,http://angband.oook.cz/animeband/,2003-05-23,2006-11-22,Ernest Huang,Fantasy/Anime,"[""Angband""]","[""Angband""]",[],"[""Post Mortem"", ""Mars"", ""Deadly Premonition"", ""Still Life"", ""Syberia""]"
16,Anoxic Depths,http://roguebasin.roguelikedevelopment.org/index.php?title=Anoxic Depths,http://roguelikeeducation.org/20.html,2015-03-15,2015-03-15,Tectorum,"Wilderness Survival, Underwater, SCUBA","[""Kunoichi"", ""EmoSquid""]","[""Kunoichi""]",[],"[""Arctic"", ""Greenhouse"", ""Cloud"", ""Extinction"", ""Forest""]"
17,Anoxic Depths: Caves of the Yendori,http://roguebasin.roguelikedevelopment.org/index.php?title=Anoxic Depths: Caves of the Yendori,http://studiotectorum.com/anoxic-depths/,2015-06-03,2015-08-16,Studio Tectorum (Tectorum),"Underwater, SCUBA","[""Anoxic Depths""]","[""Anoxic Depths""]",[],[]
18,Avanor,http://roguebasin.roguelikedevelopment.org/index.php?title=Avanor,http://avanor.sourceforge.net//,2001-11-28,2006-05-30,Vadim Gaidukevich,Fantasy,"[""Ancient Domains of Mystery""]","[""ADOM"", ""Rogue""]",[],"[""Post Mortem"", ""Search"", ""Syberia"", ""Circle of Blood"", ""Hero""]"
19,Backwards Gravity,http://roguebasin.roguelikedevelopment.org/index.php?title=Backwards Gravity,http://backwardsgravity.blogspot.com/,2009-03-14,,Elig,,[],[],[],"[""Crackdown"", ""Amazon"", ""Again"", ""Forza Horizon"", ""Prince of Persia""]"
20,Battlement,http://roguebasin.roguelikedevelopment.org/index.php?title=Battlement,,2010-01-01,2010-01-01,Dathgale,Fantasy Warfare,"[""Castle of the Winds"", ""Archon: The Light and the Dark""]","[""Castle of the Winds""]",[],"[""Post Mortem"", ""Syberia"", ""Carmageddon"", ""Game of Thrones"", ""Deadly Premonition""]"
21,Block Rogue,http://roguebasin.roguelikedevelopment.org/index.php?title=Block Rogue,http://www.blockrogue.com,2011-01-04,2011-01-04,"Buzz Monkey Software, LLC","Puzzle, Sokoban, Light","[""Sokoban"", ""Adventures of Lolo""]",[],"[""The Binding of Isaac""]","[""Tomb Raider"", ""NFL Street"", ""Sokoban"", ""Underworld"", ""Army of Two""]"
22,Break Out Of Hareka's Underground,http://roguebasin.roguelikedevelopment.org/index.php?title=Boohu,https://download.tuxfamily.org/boohu/index.html,2017-09-16,2018-07-25,anaseto,Fantasy,"[""Dungeon Crawl Stone Soup""]","[""Brogue"", ""Dungeon Crawl Stone Soup"", ""Cogmind"", ""Rogue"", ""Sil""]",[],[]
23,BOSS,http://roguebasin.roguelikedevelopment.org/index.php?title=BOSS,https://web.archive.org/web/20130118205257/http://arcywidmo.republika.pl/boss/,1990-01-01,2012-10-12,"Robert Gulledge, Jason Black",Science Fiction,"[""Moria""]","[""Moria""]",[],"[""Hotline Miami"", ""Post Mortem"", ""Deadly Premonition"", ""Syberia"", ""Memento Mori""]"
24,Brogue,http://roguebasin.roguelikedevelopment.org/index.php?title=Brogue,http://sites.google.com/site/broguegame/,2009-11-27,2014-07-03,Brian Walker,Dungeon Crawl,"[""Rogue""]","[""Rogue"", ""ADOM"", ""Pixel Dungeon"", ""UnBrogue"", ""UnReal World""]","[""Rogue Legacy"", ""Darkest Dungeon"", ""Diablo II""]","[""Post Mortem"", ""Amulet of Yendor"", ""Glover"", ""Stealth"", ""Syberia""]"
25,C: aft,http://roguebasin.roguelikedevelopment.org/index.php?title=C:\naft,https://smagac.github.io/,2017-10-02,2018-06-30,Nicholas Hydock,Fantasy,"[""Rogue"", ""Monster Rancher"", ""Atelier Marie: Salburg no Renkinjutsushi"", ""Elona: Eternal League of Nefia""]","[""Rogue""]",[],[]
26,Café Havoc,http://roguebasin.roguelikedevelopment.org/index.php?title=Café Havoc,http://ondras.github.io/cafe-havoc/,2016-03-14,2016-03-14,Ondras,Internal,[],[],[],"[""Risk"", ""Monopoly"", ""Star Wars"", ""Pandemic"", ""Havoc""]"
27,CalcRogue,http://roguebasin.roguelikedevelopment.org/index.php?title=CalcRogue,http://calcrogue.jimrandomh.org/,2005-01-01,2006-01-01,Jim Babcock,Fantasy,[],[],"[""Diablo""]","[""Post Mortem"", ""Syberia"", ""Deadly Premonition"", ""Black"", ""Rust""]"
28,Cardinal Quest,http://roguebasin.roguelikedevelopment.org/index.php?title=Cardinal Quest,http://www.cardinalquest.com,2010-10-26,2011-12-06,Ido,Arcade,"[""D&D"", ""Gauntlet"", ""Desktop Dungeons"", ""Angband""]","[""Rogue"", ""Hack"", ""Cardinal Quest II""]","[""The Binding of Isaac""]","[""Gauntlet"", ""Scorpio"", ""Aquarius"", ""Fireball"", ""Desktop Dungeons""]"
29,Cardinal Quest II,http://roguebasin.roguelikedevelopment.org/index.php?title=Cardinal Quest II,http://cardinalquest2.com,2014-03-19,2015-02-27,Randomnine,"Fantasy, Arcade","[""Cardinal Quest"", ""Diablo II"", ""Dark Souls""]","[""Cardinal Quest"", ""Rogue"", ""Hack"", ""Dungeons of Dredmor""]","[""Diablo II""]","[""Gauntlet"", ""Thief"", ""The Alchemist"", ""Fireball"", ""Stealth""]"
30,Castle Dungeon,http://roguebasin.roguelikedevelopment.org/index.php?title=Castle Dungeon,http://www.amazon.com/gp/product/B0071BJX0Y,2012-01-24,2012-01-24,Golden Hammer Software,Fantasy,"[""Rogue""]","[""The Dungeon"", ""Rogue""]",[],"[""IO"", ""IF"", ""ER"", ""Ki"", ""5X""]"
31,Castle of the Winds,http://roguebasin.roguelikedevelopment.org/index.php?title=Castle of the Winds,http://www.exmsft.com/~ricks/,1989-01-01,1993-01-01,SaadaSoft,"Fantasy, Norse Mythology",[],"[""Valhalla"", ""NetHack""]",[],"[""Medieval"", ""Castles"", ""Gears of War"", ""Unreal"", ""Unreal Tournament""]"
32,Cave of Epokothar,http://roguebasin.roguelikedevelopment.org/index.php?title=Cave of Epokothar,https://www.facebook.com/CaveOfEpokothar,2012-01-01,2012-02-11,redwood646,Fantasy,[],[],"[""The Binding of Isaac"", ""Spelunky""]","[""Cave Story"", ""The Cave"", ""Time Traveler"", ""Forge"", ""Metroid""]"
33,Caves of Qud,http://roguebasin.roguelikedevelopment.org/index.php?title=Caves_of_Qud,http://www.cavesofqud.com/,2010-05-05,2015-09-11,Freehold Entertainment,Post-Apocalyptic,"[""ADOM"", ""Omega""]","[""Sproggiwood"", ""ADOM"", ""Omega"", ""Dungeons of Dredmor""]",[],"[""Amazon"", ""Memory"", ""Dune"", ""Dwarf Fortress"", ""Mutants""]"
34,Caverns of Xaskazien,http://roguebasin.roguelikedevelopment.org/index.php?title=Caverns of Xaskazien,http://www.codedread.com/games.php#COX,1995-01-01,2010-02-07,Jeff Sinasac,Fantasy,[],"[""Rogue"", ""NetHack"", ""Dungeon Hack"", ""Castle of the Winds"", ""Angband""]",[],"[""Star Wars"", ""Neverwinter Nights"", ""Search"", ""Dungeon Master"", ""Dragon""]"
35,Chasm Lords,http://roguebasin.roguelikedevelopment.org/index.php?title=Chasm Lords,https://chasmlords.com,2017-01-01,2018-01-01,Red Sky Forge,"Mythology, European","[""Wheel of Time MUD"", ""Moria"", ""Dark Age of Camelot""]","[""Moria""]","[""Diablo""]","[""Overlord"", ""Warp"", ""Edge"", ""Steel"", ""Eradicator""]"
36,ChessRogue,http://roguebasin.roguelikedevelopment.org/index.php?title=ChessRogue,http://chessrogue.sourceforge.net/,2005-05-30,2007-10-20,Chris Morris,,"[""Rogue""]",[],[],"[""Journey"", ""Post Mortem"", ""Syberia"", ""Memento Mori"", ""Blob""]"
37,City of the Damned,http://roguebasin.roguelikedevelopment.org/index.php?title=City of the Damned,https://github.com/gwathlobal/CotD,2017-01-07,2018-08-05,Gwathlobal,Christian mythology,"[""City of the Condemned""]",[],[],"[""Beyond"", ""Rio"", ""Monster Hunter"", ""Hinterland"", ""Stealth""]"
38,Classic Rogue,http://roguebasin.roguelikedevelopment.org/index.php?title=Classic Rogue,http://oryxdesignlab.com/rogue/,2013-01-01,2013-12-30,"Michael Toy, Glenn Wichman, Ken Arnold, Oryx Design Lab",Fantasy,"[""D&D"", ""Colossal Cave Adventure""]","[""Rogue"", ""NetHack"", ""Moria"", ""Hack"", ""Telengard""]","[""Spelunky"", ""Diablo"", ""Diablo III"", ""Crypt of the Necrodancer"", ""Strange Adventures In Infinite Space""]","[""Amulet of Yendor"", ""Colossal Cave Adventure"", ""Dwarf Fortress"", ""Doom"", ""Star Trek""]"
39,ClassicRogue,http://roguebasin.roguelikedevelopment.org/index.php?title=ClassicRogue,http://oryxdesignlab.com/rogue/,2008-01-01,2008-10-01,Donnie Russell,Fantasy,"[""Rogue""]","[""Rogue"", ""Angband"", ""ADOM"", ""TileRogue"", ""NetHack""]","[""The Binding of Isaac""]","[""Post Mortem"", ""Deadly Premonition"", ""Still Life"", ""Syberia"", ""Amulet of Yendor""]"
40,Cogmind,http://roguebasin.roguelikedevelopment.org/index.php?title=Cogmind,http://www.gridsagegames.com/cogmind/,2015-05-19,2018-05-08,Grid Sage Games (Kyzrati),Sci-Fi,"[""Battletech""]","[""Angband"", ""ADOM"", ""DoomRL"", ""Cardinal Quest"", ""Pixel Dungeon""]",[],"[""Search"", ""Battletech"", ""Alpha"", ""Seven"", ""Drag""]"
41,College Rogue,http://roguebasin.roguelikedevelopment.org/index.php?title=College Rogue,http://www.roguelikedevelopment.org/archive/index.php,1990-01-01,,Rick Rusch/R & K Development,fantasy,"[""Rogue""]",[],[],"[""Game of Thrones"", ""The Simpsons"", ""Citadel"", ""Dark"", ""South Park""]"
42,CoreRL,http://roguebasin.roguelikedevelopment.org/index.php?title=CoreRL,http://www.roguelikeeducation.org/2.html,2013-10-24,2013-10-24,Tectorum,Fantasy,"[""Monster Caves""]",[],"[""Diablo""]","[""Post Mortem"", ""Deadly Premonition"", ""Rasputin"", ""Still Life"", ""Syberia""]"
43,Crossfire,http://roguebasin.roguelikedevelopment.org/index.php?title=Crossfire,http://crossfire.real-time.com/,1992-01-01,2014-04-05,"Frank Tore Johansen (original developer), Mark Wedel, Rick Tanner",Fantasy,"[""NetHack"", ""Moria""]","[""NetHack"", ""Deliantra"", ""Angband""]","[""Diablo""]","[""Solaris"", ""Crimson"", ""Gauntlet"", ""President"", ""CrossFire""]"
44,Crossword Dungeon,http://roguebasin.roguelikedevelopment.org/index.php?title=Crossword Dungeon,http://www.crossworddungeon.com,2012-10-23,2014-05-09,Ebyan Alvarez-Buylla (Nolithius),Fantasy,"[""Crosswords""]",[],[],"[""Stealth"", ""King of Dragon Pass"", ""Democracy"", ""Asterix"", ""Nexus""]"
45,CryptoRl,http://roguebasin.roguelikedevelopment.org/index.php?title=CryptoRl,http://randomtower.blogspot.it/2015/08/cryptorl-release-10_28.html,2015-04-28,2015-04-28,Gornova,Fantasy,[],"[""CryptoRl2""]",[],"[""Post Mortem"", ""Deadly Premonition"", ""Syberia"", ""Memento Mori"", ""Hotel""]"
46,CryptoRl2,http://roguebasin.roguelikedevelopment.org/index.php?title=CryptoRl2,http://randomtower.blogspot.it/2016/04/cryptorl-version-10-is-out.html,2015-11-07,2016-04-04,Gornova,Fantasy,[],[],[],"[""Post Mortem"", ""Mars"", ""Syberia"", ""Carmageddon"", ""Game of Thrones""]"
47,CyberQuest,http://roguebasin.roguelikedevelopment.org/index.php?title=CyberQuest,,2014-03-14,2014-03-14,Badscribbler intothelabyrinthkeeper@gmail.com,"Cyber, Party Based","[""Older Console RPG"", ""Dark Hersey"", ""Bravely Default""]",[],[],[]
48,Darkfire RPG,http://roguebasin.roguelikedevelopment.org/index.php?title=Darkfire RPG,https://darkfire-rpg.com,2012-11-01,2017-09-07,User:Fiorel,Fantasy,"[""Crossfire"", ""Daimonin"", ""Final Fantasy"", ""Final Fantasy II"", ""Diablo""]","[""Rogue"", ""Crossfire"", ""DND"", ""Moria"", ""Hack""]","[""Diablo""]","[""Ultima"", ""Risen"", ""Gothic"", ""The Witcher"", ""Superheroes""]"
49,Dawn of the Dead Roguelike III,http://roguebasin.roguelikedevelopment.org/index.php?title=Dawn of the Dead Roguelike,http://blogs.gamefilia.com/erikadams/16-07-2010/34462/analisis-de-una-oda-al-frikismo-the-dawn-of-the-dead-iii,2009-01-01,2010-07-15,ErikAdams,Horror,"[""DoomRL""]","[""Necropolis""]",[],"[""Wall Street"", ""Zombi"", ""Fallout"", ""Killzone"", ""Green""]"
50,Dead Man Walking,http://roguebasin.roguelikedevelopment.org/index.php?title=Dead Man Walking,http://www.caffeineoverdose.me/,2013-03-01,2013-09-01,Andrew Wright (aka roocey),Dark Fantasy,[],[],[],"[""The Walking Dead"", ""ABC"", ""Judith"", ""Alpha"", ""Lethal Weapon""]"
51,Decker,http://roguebasin.roguelikedevelopment.org/index.php?title=Decker,https://web.archive.org/web/20110926115405/http://www10.caro.net/dsi/decker/,2002-01-01,2004-01-01,Shawn Overcash,Cyberpunk,"[""Shadowrun""]",[],[],"[""Post Mortem"", ""Tetris"", ""Triple Town"", ""Asteroids"", ""Syberia""]"
52,Deliantra,http://roguebasin.roguelikedevelopment.org/index.php?title=Deliantra,http://www.deliantra.net/,2006-05-30,2017-06-01,"The Deliantra Development Team, Marc Lehmann, Robin Redeker",Fantasy,"[""NetHack"", ""Moria""]","[""Crossfire"", ""Moria""]",[],"[""Time"", ""Team"", ""Brainstorm"", ""Driven"", ""Eye""]"
53,Demon's Sword,http://roguebasin.roguelikedevelopment.org/index.php?title=Demon's Sword,http://cannibalcat.itch.io/demons-sword,2016-01-01,2016-01-01,Cannibal Cat Software,Fantasy,"[""Telengard"", ""DND""]","[""Telengard"", ""DND""]",[],"[""Rama"", ""Friday the 13th"", ""Love""]"
54,DND,http://roguebasin.roguelikedevelopment.org/index.php?title=DND,http://www.digital-eel.com/files/dndpage_files/DND.htm,1976-01-01,,Daniel M. Lawrence,Fantasy,"[""D&D""]","[""Telengard"", ""Omega"", ""NetHack"", ""Hack"", ""Rogue""]","[""Diablo""]","[""Post Mortem"", ""Oubliette"", ""Pilot"", ""Dragon"", ""Maze""]"
55,Domain Country,http://roguebasin.roguelikedevelopment.org/index.php?title=Domain Country,http://dochamp.tripod.com/DomainCountry.htm,2000-08-19,2009-04-20,David Kinney,Educational,"[""Rogue""]",[],[],"[""Jonathan"", ""Messiah"", ""Amazon"", ""Trinity"", ""The Bells""]"
56,DoomRL,http://roguebasin.roguelikedevelopment.org/index.php?title=DoomRL,http://doom.chaosforge.org/,2003-01-01,2013-03-13,Kornel Kisielewicz,Gore,"[""Doom""]","[""Rogue""]","[""Spelunky""]","[""Doom"", ""NBA"", ""Star Trek"", ""Monster Hunter"", ""Chex Quest""]"
57,Dragonslayer,http://roguebasin.roguelikedevelopment.org/index.php?title=Dragonslayer,http://www.astrolog.org/labyrnth/daedalus/dragon.htm,2003-04-19,2016-09-01,Walter D. Pullen,Fantasy,"[""NetHack""]","[""NetHack"", ""Rogue""]",[],"[""Post Mortem"", ""Syberia"", ""Mars"", ""Game of Thrones"", ""Carmageddon""]"
58,Drain Storm,http://roguebasin.roguelikedevelopment.org/index.php?title=Drain Storm,,1997-01-01,2001-01-30,Dave Horner,Fantasy,[],[],[],"[""Dive"", ""Pandemic"", ""Descent"", ""Maelstrom"", ""Switch""]"
59,Dungeon Crawl Stone Soup,http://roguebasin.roguelikedevelopment.org/index.php?title=Dungeon Crawl Stone Soup,http://crawl.develz.org/,2006-09-20,2017-07-02,Stone Soup Team,Fantasy,"[""Crawl""]","[""Pixel Dungeon"", ""ADOM"", ""Rogue"", ""NetHack"", ""DoomRL""]",[],"[""Crawl"", ""Icewind Dale"", ""Gothic"", ""White Butterfly"", ""Monster Hunter""]"
60,Dungeon Fray,http://roguebasin.roguelikedevelopment.org/index.php?title=Dungeon Fray,http://www.dungeonfray.com/,2013-03-09,2013-03-17,Nitesh Gupta,Fantasy,"[""Dungeon Crawl Stone Soup"", ""Desktop Dungeons""]","[""Omega"", ""Rogue"", ""Hack"", ""Dungeon Crawl Stone Soup""]","[""Darkest Dungeon"", ""Diablo""]","[""Descent"", ""Conan"", ""Myth"", ""Overlord"", ""Doom""]"
61,Dungeon Hack,http://roguebasin.roguelikedevelopment.org/index.php?title=Dungeon Hack,http://free-game-downloads.mosw.com/abandonware/pc/role_playing_games/games_d_f/dungeon_hack.html,1993-01-01,1993-01-01,DreamForge,Fantasy,[],"[""Hack"", ""Omega"", ""Rogue""]","[""Darkest Dungeon"", ""Diablo"", ""Diablo II""]","[""Neverwinter Nights"", ""Dungeon Lords"", ""Descent"", ""Conan"", ""Myth""]"
62,Dungeon Monkey Unlimited,http://roguebasin.roguelikedevelopment.org/index.php?title=Dungeon Monkey Unlimited,http://www.gearheadrpg.com/,2010-01-01,,Joseph Hewitt,Fantasy,"[""Dungeon Monkey""]","[""Omega"", ""GearHead""]","[""Darkest Dungeon"", ""Diablo""]","[""Descent"", ""Conan"", ""Myth"", ""Overlord"", ""Doom""]"
63,Dungeon Screener,http://roguebasin.roguelikedevelopment.org/index.php?title=Dungeon Screener,http://www.foumartgames.com/games/DungeonScreener/,2016-05-22,2016-10-06,Foumart,Fantasy,"[""games from 80's""]","[""Omega"", ""Rogue"", ""Pixel Dungeon"", ""ADOM""]","[""Darkest Dungeon"", ""Diablo"", ""Dungeon of the Endless""]","[""Descent"", ""Conan"", ""Myth"", ""Overlord"", ""Neverwinter Nights""]"
64,Dungeons of Dredmor,http://roguebasin.roguelikedevelopment.org/index.php?title=Dungeons of Dredmor,http://www.dungeonsofdredmor.com,2011-01-01,2012-01-01,Gaslamp Games,"Fantasy, Humor","[""NetHack""]","[""Rogue"", ""Pixel Dungeon"", ""ADOM""]","[""Diablo""]","[""Fatal Labyrinth"", ""Dark Lord"", ""Autobahn"", ""Memory"", ""Mystical""]"
65,Dweller,http://roguebasin.roguelikedevelopment.org/index.php?title=Dweller,http://www.dwellergame.com,2003-08-13,2014-06-12,Björn Ritzl (formerly Bergström),Fantasy,"[""Angband"", ""Crawl""]","[""Rogue"", ""XRogue"", ""LinuxRogue"", ""Rogue Clone"", ""Advanced Rogue""]",[],"[""Vikings"", ""MAG"", ""Umbra"", ""Team"", ""Sandstorm""]"
66,Easy Angband,http://roguebasin.roguelikedevelopment.org/index.php?title=Easy Angband,,2001-01-09,2001-11-02,Andres Zanzani,Fantasy,"[""Angband""]",[],[],"[""Image"", ""Card Games"", ""Game of Thrones"", ""World Cup"", ""Assassin""]"
67,Elona: Eternal League of Nefia,http://roguebasin.roguelikedevelopment.org/index.php?title=Elona,http://ylvania.org/,2008-01-31,2009-05-17,Noa,Fantasy,"[""ADOM"", ""Angband"", ""NetHack"", ""Falcon's Eye""]","[""ADOM"", ""NetHack"", ""Angband""]",[],"[""Aliens"", ""The Last of Us"", ""Fairies"", ""Mutants"", ""Shade""]"
68,Encircled,http://roguebasin.roguelikedevelopment.org/index.php?title=Encircled,http://dl.dropbox.com/u/6433222/encircled.zip,2012-08-25,2012-09-16,SRD,"Positioning, tactics","[""Rogue Rage"", ""ChessRogue"", ""PrincessRL"", ""Cellular automata""]","[""ChessRogue"", ""PrincessRL""]",[],"[""Post Mortem"", ""Syberia"", ""Game of Thrones"", ""Nidhogg"", ""Hannibal""]"
69,Epilogue,http://roguebasin.roguelikedevelopment.org/index.php?title=Epilogue,https://kraflab.itch.io/epilogue,2012-03-07,2013-01-17,Kraflab,Fantasy,"[""Dungeon Crawl Stone Soup""]",[],[],"[""Post Mortem"", ""Polaris"", ""Syberia"", ""Deadly Premonition"", ""Dodger""]"
70,Equin: The Lantern,http://roguebasin.roguelikedevelopment.org/index.php?title=Equin: The Lantern,http://dxfgames.com/EquinTheLantern/EquinTheLantern.htm,2016-01-01,2016-01-01,DXF Games,Fantasy,"[""Dragon Quest"", ""Mario Party 2"", ""Diablo"", ""Dark Souls""]","[""Goldfish""]",[],"[""MAG"", ""Crystal Ball"", ""Thief"", ""Green"", ""Rage""]"
71,Escape from Dragon's Den,http://roguebasin.roguelikedevelopment.org/index.php?title=Escape from Dragon's Den,http://www.ambrosia-designs.co.za/,2011-10-20,2011-10-20,Ambrosia-Designs,Fantasy,[],[],[],"[""Dragon""]"
72,Exploring The Bleak,http://roguebasin.roguelikedevelopment.org/index.php?title=ExploringTheBleak,https://github.com/5v3nd0ttg/ExploringTheBleak/releases,2010-09-19,2011-01-10,Nathaniel Inman,Fantasy,"[""NetHack""]","[""The Hunger Games"", ""Rogue"", ""The Land""]",[],"[""Mother"", ""Destiny"", ""League of Legends"", ""Caesar"", ""God of War""]"
73,Fabula Divina,http://roguebasin.roguelikedevelopment.org/index.php?title=FabulaDivina,http://www.fabuladivina.com,2012-01-23,2012-01-30,Cannon Technolgies,Fantasy,"[""Ultima"", ""Torchlight"", ""ADOM"", ""Minecraft""]","[""ADOM"", ""Rouge""]",[],"[""Kane"", ""Soviet"", ""Ultima"", ""Willow"", ""Time""]"
74,Falcon's Eye,http://roguebasin.roguelikedevelopment.org/index.php?title=Falcon's Eye,http://users.tkk.fi/~jtpelto2/NetHack.html,2000-10-16,2001-07-03,Jaakko Peltonen,,"[""NetHack""]","[""NetHack"", ""Rogue"", ""Hack"", ""Angband"", ""Dungeon Crawl Stone Soup""]","[""Diablo""]","[""Eye"", ""Ultima"", ""Cataclysm"", ""Crown"", ""Hero""]"
75,Fame,http://roguebasin.roguelikedevelopment.org/index.php?title=Fame,http://sourceforge.net/projects/untitled-rpg,2006-01-15,2018-05-12,Piotr Bednaruk,Fantasy,"[""ADOM""]","[""ADOM"", ""Hack"", ""Castle of the Winds""]","[""Diablo""]","[""Post Mortem"", ""Ninja"", ""Mars"", ""Syberia"", ""Carmageddon""]"
76,FATE,http://roguebasin.roguelikedevelopment.org/index.php?title=FATE,http://www.fatethegame.com/,2005-01-01,2006-01-01,WildTangent INC.,Fantasy,"[""Angband"", ""Diablo""]","[""Angband""]","[""Diablo""]","[""Post Mortem"", ""Elven Legacy"", ""Syberia"", ""Fantasy Wars"", ""Fate""]"
77,FAangband,http://roguebasin.roguelikedevelopment.org/index.php?title=First Age Angband,http://angband.oook.cz/faangband/,2005-11-28,2012-05-10,Nick McConnell,Fantasy,"[""Angband""]","[""Angband"", ""Oangband"", ""Crossfire""]",[],"[""Tetris"", ""Triple Town"", ""Asteroids"", ""Post Mortem"", ""Karate Champ""]"
78,FlatlineRL,http://roguebasin.roguelikedevelopment.org/index.php?title=FlatlineRL,http://flend.net,2013-03-17,2013-03-17,flend,scifi,"[""DoomRL"", ""Hotline Miami"", ""Gruesome""]","[""DoomRL""]",[],"[""Post Mortem"", ""Deadly Premonition"", ""Syberia"", ""Space Hulk"", ""Hotel""]"
79,FOR - A Fallout-like Roguelike,http://roguebasin.roguelikedevelopment.org/index.php?title=FOR,https://github.com/lcarst/for,,,User:w00tles,Post-apocalyptic scifi,"[""Fallout"", ""Crawl""]","[""Settlement"", ""Rogue"", ""ADOM"", ""Alphaman""]","[""Diablo""]","[""Fallout"", ""Obsidian"", ""Ultima"", ""The Witcher"", ""Wasteland""]"
80,Forays into Norrendrin,http://roguebasin.roguelikedevelopment.org/index.php?title=Forays into Norrendrin,http://forays.github.io/,2012-01-28,2015-11-06,Derrick Creamer,Fantasy,"[""ADOM"", ""DoomRL"", ""Angband"", ""Brogue""]","[""ADOM"", ""DoomRL"", ""Angband"", ""Brogue""]",[],"[""Monster Hunter"", ""Battle Royale"", ""Futurama"", ""The Simpsons"", ""Game of Thrones""]"
81,Fragility,http://roguebasin.roguelikedevelopment.org/index.php?title=Fragility,http://vedrl.wordpress.com,2014-03-07,,Vedor,"glass, gemgaws, masters of glass",[],[],[],"[""Post Mortem"", ""Mars"", ""Syberia"", ""Carmageddon"", ""Game of Thrones""]"
82,Frozen Depths,http://roguebasin.roguelikedevelopment.org/index.php?title=Frozen Depths,http://frozendepths.net,2006-05-21,2014-08-29,Glowie,Fantasy,"[""ADOM"", ""NetHack""]","[""ADOM"", ""DoomRL""]",[],"[""Horn"", ""Scorcher"", ""The Master"", ""Anna"", ""Mind""]"
83,Fujo,http://roguebasin.roguelikedevelopment.org/index.php?title=Fujo,http://sheep.art.pl/Fujo,2013-12-16,2014-01-06,Radomir Dopieralski,Fantasy,"[""Rogue""]",[],[],"[""Journey"", ""Post Mortem"", ""Syberia"", ""Hotel"", ""Suspect""]"
84,Gatecrashers,http://roguebasin.roguelikedevelopment.org/index.php?title=Gatecrashers,http://forums.te4.org/viewtopic.php?f=40&t=39055,2013-11-08,2013-11-26,GuyNamedJoe,Fantasy,"[""Mystery Dungeon: Shiren the Wanderer""]",[],[],"[""Post Mortem"", ""Syberia"", ""Mars"", ""Citadel"", ""Game of Thrones""]"
85,GearHead,http://roguebasin.roguelikedevelopment.org/index.php?title=GearHead,http://www.gearheadrpg.com/,2002-01-01,2016-06-27,Joseph Hewitt,"Science Fiction, Mecha, Futuristic","[""Hack""]","[""ADOM"", ""NetHack""]",[],"[""Post Mortem"", ""Syberia"", ""Batman"", ""Carmageddon"", ""Game of Thrones""]"
86,Gerband,http://roguebasin.roguelikedevelopment.org/index.php?title=Gerband,http://www.gerbil1.btinternet.co.uk/_sgg/m1_1.htm,2005-01-01,2006-01-01,CosmicGerbil,Fantasy(D&D),[],[],[],"[""Post Mortem"", ""Syberia"", ""BioShock"", ""Deadly Premonition"", ""Still Life""]"
87,Goblinhack,http://roguebasin.roguelikedevelopment.org/index.php?title=Goblinhack,http://goblinhack.sourceforge.net/,2006-08-27,2009-03-08,Neil McGill,Fantasy,[],[],[],"[""Post Mortem"", ""Syberia"", ""Hotel"", ""Suspect"", ""Knock""]"
88,Golden Age: Endless Dungeon,http://roguebasin.roguelikedevelopment.org/index.php?title=Golden Age: Endless Dungeon,http://rpgmaker.net/games/3043/,2011-04-25,2011-04-25,"psy_wombats, Enker",Fantasy,"[""ADOM"", ""Deep Realm Heroes""]","[""ADOM""]",[],"[""Mega Man"", ""Amy"", ""Freedom Fighters"", ""Rotor"", ""States""]"
89,Goldfish,http://roguebasin.roguelikedevelopment.org/index.php?title=Goldfish,http://ondras.github.io/goldfish/,2014-03-14,2014-03-14,Ondras,Internal,[],[],[],"[""Post Mortem"", ""Mars"", ""Syberia"", ""Deadly Premonition"", ""Still Life""]"
90,Gore Grounds,http://roguebasin.roguelikedevelopment.org/index.php?title=Gore Grounds,https://www.dropbox.com/s/ebq64u5dq23qspt/Gore%20Grounds%20v%201.0.zip?dl=0,2015-03-14,2015-03-14,Badscribbler Badscribbler@gmail.com,"Gore, Arcade","[""Splatterhouse""]",[],[],[]
91,Grid,http://roguebasin.roguelikedevelopment.org/index.php?title=Grid,http://www.caffeineoverdose.me/,2015-01-01,2015-01-16,Andrew Wright (aka roocey),Science Fiction,"[""Brogue"", ""The Binding of Isaac"", ""Slimy Lichmummy""]","[""Brogue""]","[""The Binding of Isaac""]","[""Lancaster"", ""Henry"", ""Matrix"", ""TRON"", ""Seven""]"
92,Grue the monster – roguelike underworld RPG,http://roguebasin.roguelikedevelopment.org/index.php?title=Grue the monster – roguelike underworld RPG,https://coolai.itch.io/grue-roguelike,2018-05-01,2018-01-01,Denis Anohin,"Fantasy, Dark Fantasy","[""Demon Tactic"", ""Gruesome""]","[""Tangledeep"", ""Cardinal Quest"", ""Pixel Dungeon""]",[],"[""Gruesome"", ""Stealth"", ""Dragon"", ""Dark""]"
93,GSN2band,http://roguebasin.roguelikedevelopment.org/index.php?title=GSN2band,http://www.angband.pwp.blueyonder.co.uk/gsn2.html,2000-11-10,2000-11-10,Gwidon S. Naskrent,Fantasy,"[""Angband"", ""GSN2band""]","[""Angband"", ""GSNband"", ""ZAngband""]","[""Diablo""]","[""Post Mortem"", ""Time"", ""Syberia"", ""Hotel"", ""Suspect""]"
94,GSNband,http://roguebasin.roguelikedevelopment.org/index.php?title=GSNband,http://www.angband.pwp.blueyonder.co.uk/gsn.html,1998-11-15,2000-02-21,Gwidon S. Naskrent,Fantasy,"[""ZAngband""]","[""GSN2band"", ""Necropolis"", ""ZAngband"", ""Angband"", ""Gumband""]",[],"[""Post Mortem"", ""Deadly Premonition"", ""Syberia"", ""Memento Mori"", ""Hotel""]"
95,Gumband,http://roguebasin.roguelikedevelopment.org/index.php?title=Gumband,http://angband.oook.cz/gumband/,2000-11-24,2010-01-02,"R. Dan Henry, previously Joseph William Dixon",Fantasy,"[""ZAngband""]","[""ZAngband""]",[],"[""Henry"", ""Colorado"", ""Osiris"", ""Egypt"", ""States""]"
96,Hack,http://roguebasin.roguelikedevelopment.org/index.php?title=Hack,http://homepages.cwi.nl/~aeb/games/hack/hack.html,1984-12-17,1985-07-23,"Jay Fenlason, Kenny Woodland, Mike Thome, Jon Payne",Fantasy,"[""Rogue""]","[""NetHack"", ""Rogue"", ""Moria"", ""Telengard"", ""Angband""]","[""Crypt of the Necrodancer"", ""Strange Adventures In Infinite Space""]","[""Amulet of Yendor"", ""Max Payne"", ""Colossal Cave"", ""HeroQuest"", ""ZZT""]"
97,The Hack of Life,http://roguebasin.roguelikedevelopment.org/index.php?title=HackOfLife,https://github.com/isharacomix/hack-of-life,2010-04-06,2010-04-12,Barry,"Programming Game, Cellular Automaton","[""Conway's Game of Life""]",[],[],"[""Revelation"", ""The Game of Life"", ""BioShock"", ""Pong"", ""Universe""]"
98,Hell Angband,http://roguebasin.roguelikedevelopment.org/index.php?title=Hell Angband,,,,,,[],"[""Rogue"", ""The Hunger Games""]","[""Diablo"", ""Nuclear Throne""]","[""Hotline Miami"", ""Messiah"", ""Heaven"", ""Satan"", ""Paradise""]"
99,Hengband,http://roguebasin.roguelikedevelopment.org/index.php?title=Hengband,,,,,,[],"[""ZAngband"", ""XAngband""]",[],"[""Post Mortem"", ""Fusion"", ""Syberia"", ""Cloud"", ""Deadly Premonition""]"
100,HexRogue,http://roguebasin.roguelikedevelopment.org/index.php?title=HexRogue,http://www.hexatron.com/hexrogue/index.html,2003-01-01,2003-01-01,Hexatron,Fantasy,[],"[""Rogue"", ""XRogue"", ""LinuxRogue"", ""Rogue Clone"", ""Advanced Rogue""]",[],"[""Post Mortem"", ""Syberia"", ""Carmageddon"", ""Game of Thrones"", ""Blade Runner""]"
101,Hieroglyphika,http://roguebasin.roguelikedevelopment.org/index.php?title=Hieroglyphika,http://mhanka.com/,2016-02-03,2016-08-15,M. Hanka,Egyptian Mythology,[],[],"[""Crypt of the Necrodancer"", ""Rogue Legacy""]","[""Post Mortem"", ""Still Life"", ""Push"", ""Syberia"", ""Blob""]"
102,HumFallRL,http://roguebasin.roguelikedevelopment.org/index.php?title=HumFallRL,http://vedrl.wordpress.com,2013-03-07,2014-09-11,Vedor,post-apocalyptic fiction,"[""Fallout"", ""some dungeon crawlers""]","[""Rogue"", ""DoomRL""]","[""Diablo""]","[""Post Mortem"", ""Still Life"", ""Deadly Premonition"", ""Rasputin"", ""Syberia""]"
103,The Hunger Games,http://roguebasin.roguelikedevelopment.org/index.php?title=Hunger Games,http://www.astrolog.org/labyrnth/daedalus/hunger.htm,2013-03-11,2016-09-01,Walter D. Pullen,modern,"[""NetHack"", ""The Hunger Games""]","[""NetHack"", ""Dragonslayer"", ""DND""]",[],"[""M6"", ""5X"", ""Ki"", ""IO"", ""VC""]"
104,HunterRL,http://roguebasin.roguelikedevelopment.org/index.php?title=HunterRL,,2012-03-17,2012-03-17,Alex Elson,Wilderness,"[""Dwarf Fortress"", ""Ascii Wilderness""]",[],"[""Diablo""]","[""Post Mortem"", ""Deadly Premonition"", ""Rasputin"", ""Syberia"", ""Game of Thrones""]"
105,Hydra Slayer,http://roguebasin.roguelikedevelopment.org/index.php?title=Hydra Slayer,http://www.roguetemple.com/z/hydra.php,2010-07-26,2016-11-12,Z,"Fantasy (Greek mythology), Hydras, Mathematics","[""MathRL""]",[],[],"[""Hydra"", ""Hercules"", ""Slayers"", ""Dark"", ""League of Legends""]"
106,HyperRogue,http://roguebasin.roguelikedevelopment.org/index.php?title=Hyperbolic Rogue,http://www.roguetemple.com/z/hyper.php,2011-11-07,2018-05-26,Z,"Mathematics, multiple worlds, a bit Minimalist","[""Deadly Rooms of Death""]","[""Rogue""]","[""Heat Signature""]","[""Post Mortem"", ""Syberia"", ""Still Life"", ""Deadly Premonition"", ""Monster Hunter""]"
107,iNetHack,http://roguebasin.roguelikedevelopment.org/index.php?title=INetHack,http://code.google.com/p/inethack/,2009-01-01,2009-08-31,Dirk Zimmermann,Fantasy,"[""NetHack""]","[""NetHack"", ""Hack"", ""Rogue""]",[],"[""Post Mortem"", ""Syberia"", ""Amulet of Yendor"", ""Again"", ""Sokoban""]"
108,Infra Arcana,http://roguebasin.roguelikedevelopment.org/index.php?title=Infra Arcana,https://sites.google.com/site/infraarcana/,2011-06-05,2017-11-06,Martin Törnqvist,"H.P. Lovecraft, horror, mystery, cults","[""H.P. Lovecraft"", ""Horror movies"", ""Blood""]","[""NetHack"", ""Moria"", ""Rogue""]",[],"[""Game of Thrones"", ""Genghis Khan"", ""Image"", ""Worms"", ""Again""]"
109,iRogue,http://roguebasin.roguelikedevelopment.org/index.php?title=IRogue,http://roguelike-palm.sourceforge.net/iRogue/,2000-01-01,2002-05-11,,Fantasy,[],"[""Rogue""]",[],"[""Post Mortem"", ""Fusion"", ""Syberia"", ""Carmageddon"", ""Game of Thrones""]"
110,Iron Fist,http://roguebasin.roguelikedevelopment.org/index.php?title=Iron Fist,http://www.caffeineoverdose.me/,2015-01-01,2015-02-24,Andrew Wright,Science Fiction,"[""Brogue"", ""The Binding of Isaac""]","[""Brogue"", ""Grid""]","[""The Binding of Isaac""]","[""Daredevil"", ""New York City"", ""Game of Thrones"", ""Kung Fu"", ""Batman""]"
111,IronBand,http://roguebasin.roguelikedevelopment.org/index.php?title=IronBand,http://angband.oook.cz/ironband/,2007-11-22,2012-01-01,Antoine,Fantasy,"[""NPPAngband""]","[""NPPAngband"", ""Angband""]",[],"[""Post Mortem"", ""Mars"", ""Syberia"", ""Carmageddon"", ""Game of Thrones""]"
112,Iter Vehemens ad Necem,http://roguebasin.roguelikedevelopment.org/index.php?title=IVAN,https://attnam.com/,2001-12-10,2018-03-24,Timo Kiviluoto and others,Fantasy,"[""NetHack"", ""Monty Python"", ""1984""]","[""NetHack"", ""ADOM"", ""Brogue"", ""Dungeon Crawl Stone Soup""]",[],"[""Search"", ""2x2"", ""Catacombs"", ""Maze"", ""Dwarf Fortress""]"
113,JauntTrooper series,http://roguebasin.roguelikedevelopment.org/index.php?title=JauntTrooper series,,1994-01-01,,David Scheifler,Science Fiction,"[""Doomsday 2000""]",[],[],"[""Jonathan"", ""Amy"", ""Firestorm"", ""Thunderbolt"", ""Mission""]"
114,Javelin,http://roguebasin.roguelikedevelopment.org/index.php?title=Javelin,http://javelinrl.wordpress.com/,2015-09-01,2016-07-15,Alex Henry,Fantasy,"[""D&D"", ""d20""]","[""Rogue""]",[],"[""Post Mortem"", ""Syberia"", ""Edmund"", ""Henry"", ""Rasputin""]"
115,Kamyran's Eye,http://roguebasin.roguelikedevelopment.org/index.php?title=Kamyran's Eye,http://keye.phk.at,2006-01-01,2006-08-04,,Fantasy,[],"[""Dungeons of Dredmor""]",[],"[""Chicken Invaders"", ""Postal"", ""Serious Sam"", ""Professor Fizzwizzle"", ""Quake""]"
116,Kerkerkruip,http://roguebasin.roguelikedevelopment.org/index.php?title=Kerkerkruip,http://kerkerkruip.org,2011-10-01,2014-04-13,"Victor Gijsbers, Kerkerkruip team",Sword and sorcery,"[""interactive fiction and roguelikes""]","[""Brogue""]",[],"[""IF"", ""Defender"", ""ZIP"", ""Stealth"", ""Galatea""]"
117,Kunoichi,http://roguebasin.roguelikedevelopment.org/index.php?title=Kunoichi,http://www.roguelikeeducation.org/9.html,2014-03-16,2014-03-25,Tectorum,Pseudo-Historical,"[""Rouge"", ""A DAY @ THE ZOO""]","[""Rouge""]","[""Diablo""]","[""Post Mortem"", ""Mars"", ""Syberia"", ""Deadly Premonition"", ""Still Life""]"
118,L&L - Labyrinths & Legends,http://roguebasin.roguelikedevelopment.org/index.php?title=Labyrinths and Legends,http://lnl.sourceforge.jp/en/,1993-02-23,2010-06-04,bowkenken,Fantasy,"[""Rogue"", ""Moria"", ""NetHack"", ""Torneko: The Last Hope""]","[""Rogue"", ""Moria""]",[],"[""Legends"", ""Mahjong"", ""Legends of Norrath"", ""Grand Prix Legends"", ""Dragon Age Legends""]"
119,LambdaRogue: The Book of Stars,http://roguebasin.roguelikedevelopment.org/index.php?title=LambdaRogue,https://code.google.com/p/lambdarogue/,2006-01-01,2012-06-10,Mario Donick,Science Fiction,"[""NetHack"", ""Angband"", ""ADOM"", ""Sacred"", ""Diablo II""]","[""Angband"", ""ADOM"", ""Rogue"", ""Larn"", ""NetHack""]","[""Diablo"", ""Diablo II""]","[""Aveyond"", ""Mankind"", ""Sorcery"", ""Curse"", ""Sacred""]"
120,Larn,http://roguebasin.roguelikedevelopment.org/index.php?title=Larn,http://larn.org/,1986-01-01,2018-03-29,"Noah Morgan, copx, Gibbon",Fantasy,"[""Rogue""]","[""Ularn"", ""LarnHD"", ""Hack"", ""NetHack"", ""XLarn""]",[],"[""Post Mortem"", ""Syberia"", ""Apache"", ""Hotel"", ""Suspect""]"
121,LarnHD,http://roguebasin.roguelikedevelopment.org/index.php?title=LarnHD,http://www.freewebs.com/drussell/,,2013-01-01,Donnie Russell,Fantasy,"[""Larn""]","[""Larn""]",[],"[""Post Mortem"", ""Syberia"", ""Deadly Premonition"", ""Rasputin"", ""Rio""]"
122,Last-of-candle,http://roguebasin.roguelikedevelopment.org/index.php?title=Last-of-candle,http://www.interq.or.jp/libra/oohara/last-of-candle/index.html,2010-03-13,2010-03-28,Oohara Yuuma,fantasy,[],"[""Rogue""]",[],"[""The Last of Us"", ""Game of Thrones"", ""Pong"", ""Dark Souls"", ""Space Invaders""]"
123,Legerdemain,http://roguebasin.roguelikedevelopment.org/index.php?title=Legerdemain,http://roguelikefiction.com,2005-01-01,2011-09-14,Nathan D. Jerpe,Fantasy,"[""interactive fiction""]","[""Rogue""]",[],"[""Post Mortem"", ""Syberia"", ""Carmageddon"", ""Game of Thrones"", ""Rasputin""]"
124,Linley's Dungeon Crawl,http://roguebasin.roguelikedevelopment.org/index.php?title=Linley's Dungeon Crawl,http://www.dungeoncrawl.org/,1995-01-01,2005-01-01,"Linley Henzell, others",Fantasy,"[""NetHack""]","[""NetHack"", ""Dungeon Crawl Stone Soup"", ""ADOM""]",[],"[""Crawl"", ""Solaris"", ""Gods"", ""Rescue"", ""Sheriff""]"
125,LinuxRogue,http://roguebasin.roguelikedevelopment.org/index.php?title=LinuxRogue,http://www.coredumpcentral.org/,,2011-01-01,"Ashwin Nanjappa, Greg Kennedy, Jesse Printz, others",Fantasy,"[""Rogue Clone""]","[""Rogue"", ""XRogue"", ""Rogue Clone"", ""Advanced Rogue"", ""Dweller""]",[],"[""Post Mortem"", ""Wonderland"", ""Syberia"", ""MAG"", ""Dark""]"
126,Lord of the Dark Castle,http://roguebasin.roguelikedevelopment.org/index.php?title=Lord of the Dark Castle,http://craze.se/lotdc/lotdc.php,2014-12-18,2014-12-18,"Christian Andersson, Craze Creative Studios",Fantasy,"[""Angband"", ""The Elder Scrolls: Chapter II: Daggerfall"", ""Ultima"", ""Diablo""]","[""Angband""]","[""Diablo"", ""Diablo II""]","[""Hero"", ""The Crypt"", ""Necromancer"", ""Assassin"", ""Fallen Angel""]"
127,Lost Labyrinth,http://roguebasin.roguelikedevelopment.org/index.php?title=Lost Labyrinth,http://www.lostlabyrinth.com,2001-01-01,2016-10-18,"Frank Malota, Markus Doebele",Fantasy,"[""Hack"", ""The Return of Heracles""]","[""Castle of the Winds"", ""Hack"", ""Grid""]",[],"[""Genocide"", ""Burn"", ""Labyrinth"", ""Robot"", ""Love""]"
128,"Lotus, a town for rogues","http://roguebasin.roguelikedevelopment.org/index.php?title=Lotus, a town for rogues",http://www.caffeineoverdose.me/,2016-01-01,2016-01-01,Andrew Wright,Fantasy,"[""Brogue"", ""Angband""]","[""Brogue""]",[],[]
129,Mage Guild,http://roguebasin.roguelikedevelopment.org/index.php?title=Mage Guild,http://web.archive.org/web/20160312005831/http://lukossoftware.com/node/8,2008-04-03,2010-07-20,Nahjor,fantasy,"[""NetHack""]","[""Crossfire"", ""Rogue"", ""Necropolis""]",[],"[""Shadowrun"", ""Dragonfire"", ""Dark"", ""Light"", ""Defense""]"
130,MAngband,http://roguebasin.roguelikedevelopment.org/index.php?title=MAngband,http://www.mangband.org/,1997-04-20,2016-05-27,MAngband Project Team,Fantasy,"[""Angband""]","[""Angband"", ""NetHack""]",[],"[""Time"", ""Star Wars"", ""Search"", ""Doom"", ""World of Warcraft""]"
131,Martin's Dungeon Bash,http://roguebasin.roguelikedevelopment.org/index.php?title=Martin's Dungeon Bash,http://www.chiark.greenend.org.uk/~mpread/dungeonbash/index.html,2005-02-02,2009-01-06,Martin Read,Fantasy,"[""Rogue""]","[""Rogue"", ""NetHack"", ""Moria"", ""Angband"", ""Hack""]","[""Diablo"", ""Spelunky""]","[""Light"", ""Survival"", ""Alpha"", ""Shoot"", ""Stealth""]"
132,Menskband,http://roguebasin.roguelikedevelopment.org/index.php?title=Menskband,,,,,,"[""Angband""]","[""Angband""]","[""Diablo""]","[""Post Mortem"", ""Mars"", ""Syberia"", ""Deadly Premonition"", ""Still Life""]"
133,MidBoss,http://roguebasin.roguelikedevelopment.org/index.php?title=MidBoss,http://www.midboss.net,2014-04-11,2017-11-27,Eniko,Fantasy,[],[],"[""Diablo"", ""Rogue Legacy""]","[""Post Mortem"", ""Syberia"", ""Carmageddon"", ""Game of Thrones"", ""Blade Runner""]"
134,Mike's Adventure Game,http://roguebasin.roguelikedevelopment.org/index.php?title=Mike's Adventure Game,http://www.homeoftheunderdogs.net/game.php?id=4774,1988-01-01,1988-01-01,Mike Teixeira,fantasy,"[""Rogue"", ""Hack""]","[""Rogue"", ""ADOM"", ""NetHack"", ""The Land""]",[],"[""MAG"", ""Mars Saga"", ""Knights of Legend"", ""Mission"", ""Harvest Moon""]"
135,Miner,http://roguebasin.roguelikedevelopment.org/index.php?title=Miner,http://chomikuj.pl/revelati00,2016-01-01,2016-01-01,Revelati,"fantasy, survival","[""Gem miner""]",[],"[""Diablo""]","[""Post Mortem"", ""Syberia"", ""Deadly Premonition"", ""Game of Thrones"", ""Amnesia""]"
136,Mines of Morgoth,http://roguebasin.roguelikedevelopment.org/index.php?title=Mines of Morgoth,http://www.minesofmorgoth.com/,2002-01-14,2009-05-02,Philippe Wartelle,Fantasy,"[""Moria""]","[""Moria"", ""Angband"", ""Rogue"", ""The Hunger Games"", ""Sil""]","[""Diablo"", ""The Binding of Isaac""]","[""Game of Thrones"", ""Conquest"", ""Targ"", ""Belegost"", ""Stealth""]"
137,Moria,http://roguebasin.roguelikedevelopment.org/index.php?title=Moria,http://www.remarque.org/~grabiner/moria.html,1983-01-01,2008-10-13,"Robert A. Koeneke, Jimmey Wayne Todd Jr., James E. Wilson, others",Fantasy,"[""Rogue""]","[""Angband"", ""Rogue"", ""BOSS"", ""NPPMoria"", ""Hack""]","[""Diablo""]","[""Paladin"", ""Alchemy"", ""The Hobbit"", ""Rings of Power"", ""The Fellowship of the Ring""]"
138,Mysterious Space,http://roguebasin.roguelikedevelopment.org/index.php?title=Mysterious Space,http://mysteriousspace.com,2014-03-15,2017-06-14,Ben Hendel-Doying,Sci-fi action space shooter,"[""Rogue Crystal Quest""]",[],[],"[""Star Wars"", ""Tetris"", ""Space Invaders"", ""Tomb Raider"", ""Hamlet""]"
139,Necropolis,http://roguebasin.roguelikedevelopment.org/index.php?title=Necropolis,http://ludusnovus.net/tag/necropolis/,2008-10-17,2008-12-13,Gregory Weir,,[],"[""Rogue""]","[""Spelunky""]","[""Post Mortem"", ""The Majesty of Colors"", ""Exploit"", ""Rasputin"", ""Dodge""]"
140,NetHack,http://roguebasin.roguelikedevelopment.org/index.php?title=NetHack,http://www.NetHack.org/,1987-01-01,2015-12-08,The NetHack DevTeam,"Fantasy, Dungeon crawl","[""Hack""]","[""NitroHack"", ""Rogue"", ""ADOM"", ""Hack"", ""Angband""]","[""Rogue Legacy"", ""The Binding of Isaac""]","[""Eye"", ""Sokoban"", ""Amulet of Yendor"", ""Cube"", ""Bugs""]"
141,NitroHack,http://roguebasin.roguelikedevelopment.org/index.php?title=NitroHack,http://nitrohack.org/,2012-01-16,2012-01-01,Daniel Thaler,Fantasy,"[""NetHack""]","[""NetHack"", ""Angband""]",[],"[""Post Mortem"", ""Sokoban"", ""Syberia"", ""Hotel"", ""Suspect""]"
142,NPPAngband,http://roguebasin.roguelikedevelopment.org/index.php?title=No Pet Peeves Angband,http://nppangband.bitshepherd.net,2003-04-24,2016-05-08,Jeff Greene and Diego Gonzalez (''nppangbanddev''@''verizon.net''),Fantasy,"[""Angband""]","[""Angband"", ""UnAngband""]",[],[]
143,NoirRL,http://roguebasin.roguelikedevelopment.org/index.php?title=NoirRL,http://vedrl.wordpress.com,2015-03-07,2015-03-07,Vedor,film noir,"[""noir movies"", ""oldschool adventure games""]",[],[],"[""Post Mortem"", ""Syberia"", ""Carmageddon"", ""Game of Thrones"", ""Deadly Premonition""]"
144,NPPMoria,http://roguebasin.roguelikedevelopment.org/index.php?title=NPPMoria,http://nppangband.bitshepherd.net,2003-08-10,2015-05-08,Jeff Greene,Fantasy,"[""NPPAngband""]","[""NPPAngband"", ""Moria""]",[],"[""Post Mortem"", ""Syberia"", ""Carmageddon"", ""Game of Thrones"", ""Assassin""]"
145,Obumbrata et Velata,http://roguebasin.roguelikedevelopment.org/index.php?title=Obumbrata et Velata,http://www.blackswordsonics.com/martin/obumbrata/,2014-03-14,2014-03-01,Martin Read,Fantasy,"[""miscellaneous fantasy""]","[""Moria""]",[],"[""Game of Thrones"", ""Wheel of Fortune"", ""Fate"", ""Again"", ""King Arthur""]"
146,Omega,http://roguebasin.roguelikedevelopment.org/index.php?title=Omega,http://www.alcyone.com/max/projects/omega/,1980-01-01,2010-02-20,Laurence Brothers,fantasy,"[""the Greek alphabet""]","[""ADOM"", ""Larn""]",[],"[""Alpha"", ""Revelation"", ""Post Mortem"", ""Citadel"", ""Paradise""]"
147,Oangband,http://roguebasin.roguelikedevelopment.org/index.php?title=Opinion Angband,http://www.oangband.com/,1998-08-13,2006-02-10,Bahman Rabii,Fantasy,"[""Angband""]","[""Angband"", ""FAangband"", ""NPPAngband""]","[""Diablo""]","[""Post Mortem"", ""Syberia"", ""Mirror"", ""Rings of Power"", ""Druid""]"
148,Paper Dungeons Crawler,http://roguebasin.roguelikedevelopment.org/index.php?title=Paper Dungeons Crawler,https://store.steampowered.com/app/754340/Paper_Dungeons_Crawler/,2018-05-24,2018-08-02,Agent Mega,Fantasy,"[""NetHack""]","[""Dungeons of Dredmor"", ""Rogue""]","[""Diablo"", ""Enter the Gungeon""]","[""Hunter"", ""Ninja"", ""Rune"", ""Monster Hunter"", ""Fury""]"
149,PernAngband,http://roguebasin.roguelikedevelopment.org/index.php?title=PernAngband,http://pernband.sourceforge.net/,1999-01-01,2002-01-01,DarkGod,Fantasy,"[""Anne McCaffrey's Pern"", ""Angband"", ""ZAngband""]","[""Angband"", ""ZAngband"", ""Gerband"", ""Rogue"", ""Moria""]","[""Diablo""]","[""Post Mortem"", ""Syberia"", ""Deadly Premonition"", ""Rasputin"", ""Black""]"
150,Pixel Dungeon,http://roguebasin.roguelikedevelopment.org/index.php?title=Pixel Dungeon,http://pixeldungeon.watabou.ru,2012-12-04,2015-09-04,Watabou,Fantasy,"[""Brogue""]","[""Rogue"", ""NetHack"", ""ADOM""]","[""The Binding of Isaac""]","[""MapleStory"", ""Amulet of Yendor"", ""Hero"", ""Love"", ""Fighter""]"
151,Pocket Realms,http://roguebasin.roguelikedevelopment.org/index.php?title=Pocket Realms,https://jraven.itch.io/pocket-realms,2018-04-07,2018-06-02,Jonathan Otcasek,Traditional,"[""NetHack"", ""Crawl""]",[],"[""Diablo""]","[""Jonathan"", ""Love"", ""The Legend of Zelda"", ""Street Fighter"", ""Final Fantasy VII""]"
152,POWDER,http://roguebasin.roguelikedevelopment.org/index.php?title=POWDER,http://www.zincland.com/powder,2003-01-01,2011-12-23,Jeff Lait,Fantasy,"[""NetHack""]","[""ADOM"", ""Hack"", ""Rouge"", ""Angband""]","[""Diablo III""]","[""Post Mortem"", ""Syberia"", ""Carmageddon"", ""Game of Thrones"", ""Deadly Premonition""]"
153,PRIME,http://roguebasin.roguelikedevelopment.org/index.php?title=PRIME,http://prime-rogue.net/,2011-03-03,2017-03-04,"Psiweapon, Micha&#322; Bieli&#324;ski",Science Fiction,"[""Zap'M"", ""NetHack"", ""SLASH'EM""]","[""NetHack"", ""Angband""]","[""Diablo""]","[""Vikings"", ""Zap"", ""Wonderland"", ""Concentration"", ""Swords""]"
154,PrincessRL,http://roguebasin.roguelikedevelopment.org/index.php?title=PrincessRL,http://flend.net,2010-03-15,2010-03-01,flend,fantasy,"[""Princess Maker"", ""DDRogue""]",[],[],"[""Post Mortem"", ""Cloud"", ""Deadly Premonition"", ""Syberia"", ""Memento Mori""]"
155,Professional Adventurers' League,http://roguebasin.roguelikedevelopment.org/index.php?title=Professional Adventurers League,https://www.dropbox.com/s/u0cp82z0zm79r0g/Professional%20Adventurers%20League%201.0.0.jar?dl=0,2016-02-09,2016-10-13,Michael Widler,"Fantasy, Sports","[""Mystery Dungeon: Shiren the Wanderer"", ""QuickHack""]",[],[],[]
156,PTR: The Roguelike,http://roguebasin.roguelikedevelopment.org/index.php?title=PTR: The Roguelike,https://www.microsoft.com/en-us/store/p/ptr-the-roguelike/9nblggh4ttn4,2017-02-27,2017-02-27,Dawid Farbaniec,Fantasy,[],[],[],[]
157,Pugnacious Wizards 2,http://roguebasin.roguelikedevelopment.org/index.php?title=Pugnacious Wizards 2,http://trystans.blogspot.com/2013/09/pugnacious-wizards-2-version-10.html,2013-06-07,2013-09-22,Trystan Spangler,,[],[],[],"[""Target"", ""Curse"", ""Destiny"", ""Psychonauts"", ""Nightfall""]"
158,PWMAngband,http://roguebasin.roguelikedevelopment.org/index.php?title=PWMAngband,http://www.mangband.org/forum/viewforum.php?f=9/,2007-06-30,2018-07-29,PowerWyrm,Tolkien,"[""MAngband"", ""TomeNET"", ""Angband""]","[""Angband"", ""MAngband"", ""TomeNET"", ""Sil""]","[""Diablo""]","[""Post Mortem"", ""Deadly Premonition"", ""Syberia"", ""Echelon"", ""Sanctum""]"
159,Quest for the Unicorn,http://roguebasin.roguelikedevelopment.org/index.php?title=Quest for the Unicorn,http://www.elf-emulation.com/rcs/unicorn5/index.html,1990-01-01,2016-07-19,Mike Riley,Fantasy,"[""Rogue""]","[""The Land"", ""Castle of the Winds"", ""NetHack"", ""Hack"", ""Angband""]",[],"[""Up"", ""Power"", ""Dragon"", ""Doom"", ""Braminar""]"
160,Quickband,http://roguebasin.roguelikedevelopment.org/index.php?title=Quick Angband,http://angband.oook.cz/quickband/,2005-07-01,2012-12-02,Antoine,Fantasy,"[""NPPAngband""]","[""Angband"", ""NPPAngband""]",[],"[""Post Mortem"", ""Mars"", ""Syberia"", ""Carmageddon"", ""Game of Thrones""]"
161,QuickHack,http://roguebasin.roguelikedevelopment.org/index.php?title=QuickHack,https://docs.google.com/file/d/0B6oeeUZo0SLSdUxSdmpaX05Zd3c/edit,2012-07-04,2013-02-05,Michael Widler,Arcade Fantasy,"[""Mystery Dungeon: Shiren the Wanderer"", ""DoomRL"", ""Rogue""]","[""DoomRL""]",[],"[""Post Mortem"", ""Still Life"", ""Deadly Premonition"", ""Syberia"", ""Defense""]"
162,Ragnarok/Valhalla,http://roguebasin.roguelikedevelopment.org/index.php?title=Ragnarok,http://roguelikes.sauceforge.net/pub/ragnarok/,1992-01-01,1995-01-01,"Thomas Boyd, Rob Vawter",Norse mythology,"[""NetHack""]","[""Valhalla""]",[],"[""Search"", ""Colorado"", ""Christine"", ""Black"", ""Amy""]"
163,Reaping the Dungeon,http://roguebasin.roguelikedevelopment.org/index.php?title=Reaping the dungeon,,1994-01-01,,Ron Heuse,Science Fiction,[],"[""Rogue"", ""Omega"", ""Valhalla""]","[""Darkest Dungeon"", ""Diablo"", ""Diablo II""]","[""Descent"", ""Conan"", ""Myth"", ""Overlord"", ""Doom""]"
164,Red Rogue,http://roguebasin.roguelikedevelopment.org/index.php?title=Red Rogue,http://www.redrogue.net,2012-12-04,2016-03-10,Aaron Steed,Traditional / Platformer,"[""Rogue"", ""Hack"", ""Spelunky""]","[""Rogue"", ""Dungeon Crawl Stone Soup"", ""Hack"", ""Teleglitch"", ""NetHack""]","[""Spelunky"", ""TowerClimb"", ""The Binding of Isaac"", ""Diablo""]","[""Legion"", ""Amulet of Yendor"", ""NFL"", ""World of Warcraft"", ""Super Hexagon""]"
165,Remixed Pixel Dungeon,http://roguebasin.roguelikedevelopment.org/index.php?title=Remixed Pixel Dungeon,http://wiki.nyrds.net,2014-12-28,2018-04-05,NYRDS,Fantasy,"[""Pixel Dungeon""]","[""Pixel Dungeon"", ""Necropolis""]",[],"[""Necromancer"", ""Elemental"", ""Rotten"", ""Havoc"", ""Warlock""]"
166,Return to the Dungeons of Doom,http://roguebasin.roguelikedevelopment.org/index.php?title=Return to the Dungeons of Doom,https://sites.google.com/site/rttdod/,2013-08-19,2013-08-19,Zurn,Fantasy,"[""Rogue""]","[""Rogue"", ""City of the Damned"", ""NetHack""]",[],"[""Doom"", ""Mars"", ""DOOM"", ""Titan"", ""Burn""]"
167,RevivedHack,http://roguebasin.roguelikedevelopment.org/index.php?title=RevivedHack,http://www.freewebs.com/drussell/#RevivedHack,2011-08-31,2011-08-31,Donnie Russell,,[],"[""Hack"", ""NetHack""]",[],"[""Post Mortem"", ""Mars"", ""Syberia"", ""Game of Thrones"", ""Carmageddon""]"
168,Robotfindskitten,http://roguebasin.roguelikedevelopment.org/index.php?title=Robotfindskitten,http://robotfindskitten.org/,1997-01-01,2008-03-25,Leonard Richardson,Zen simulation,[],"[""Rogue""]",[],"[""Planetfall"", ""Robot"", ""Godzilla"", ""Minecraft"", ""Detroit""]"
169,Rodney,http://roguebasin.roguelikedevelopment.org/index.php?title=Rodney,http://slashware.net/rodney/,2013-05-14,2013-06-19,Slash,Fantasy,"[""DoomRL"", ""Rogue""]","[""DoomRL""]",[],"[""Post Mortem"", ""Still Life"", ""Citadel"", ""Syberia"", ""Deadly Premonition""]"
170,Rogue,http://roguebasin.roguelikedevelopment.org/index.php?title=Rogue,http://rogue.rogueforge.net/,1980-01-01,2007-09-27,"Michael Toy, Glenn Wichman, Ken Arnold",Fantasy,"[""D&D"", ""Colossal Cave Adventure""]","[""Moria"", ""Hack"", ""NetHack"", ""Rodney"", ""Larn""]","[""Spelunky"", ""Diablo"", ""Diablo III"", ""Nuclear Throne"", ""The Binding of Isaac""]","[""Amulet of Yendor"", ""Colossal Cave Adventure"", ""Star Trek"", ""Dwarf Fortress"", ""The Early Years""]"
171,Rogue Clone,http://roguebasin.roguelikedevelopment.org/index.php?title=Rogue Clone,http://rogueclone.sourceforge.net/,1986-01-01,2007-01-01,"Tim Stoehr, many others",Fantasy,"[""Rogue""]","[""Rogue"", ""LinuxRogue"", ""XRogue"", ""Advanced Rogue"", ""Omega""]",[],"[""Rex"", ""System Shock"", ""Raptor"", ""Fallout"", ""Deadpool""]"
172,Rogue Fable II,http://roguebasin.roguelikedevelopment.org/index.php?title=Rogue Fable II,,2017-01-01,2017-03-25,Justin Wang,Fantasy,"[""Dungeon Crawl Stone Soup""]","[""Rogue"", ""Pixel Dungeon"", ""Dungeon Crawl Stone Soup""]",[],"[""Again"", ""Universe"", ""Fable II"", ""Albion"", ""Fable""]"
173,Rogue Planets,http://roguebasin.roguelikedevelopment.org/index.php?title=Rogue Planets,https://drive.google.com/open?id=0B1VapDGffCdPbEJxckI4LUYtdm8,2009-01-01,2009-08-18,Rya Reisender,Science fiction,"[""Phantasy Star II""]","[""Rogue"", ""ADOM"", ""Alphaman""]",[],"[""Assassin"", ""Sentinel"", ""Seven Years War"", ""Phantasy Star II"", ""They Bleed Pixels""]"
174,Rogue Touch,http://roguebasin.roguelikedevelopment.org/index.php?title=Rogue Touch,http://www.chronosoft.com/roguetouch.html,2009-02-19,2010-07-09,ChronoSoft,,"[""Rogue""]","[""Rogue"", ""NetHack""]","[""Rogue Legacy"", ""Diablo"", ""Diablo III"", ""The Binding of Isaac"", ""Spelunky""]","[""Assassin"", ""Metroid"", ""Castlevania"", ""Amulet of Yendor"", ""Syndicate""]"
175,Rogue's Tale,http://roguebasin.roguelikedevelopment.org/index.php?title=Rogue's Tale,http://rogue.epixx.org,2012-12-31,2014-01-12,Niilo Langinkoski,Fantasy,"[""Rogue"", ""Western RPGs""]","[""Rogue""]",[],[]
176,ROGUElike ONE,http://roguebasin.roguelikedevelopment.org/index.php?title=ROGUElike ONE,http://slashware.net/roguelikeone/,2016-12-16,2016-12-27,Slash,Science Fiction,"[""DoomRL"", ""Rogue"", ""Rodney""]","[""Rogue"", ""NetHack"", ""DoomRL"", ""Rodney"", ""ADOM""]","[""Rogue Legacy"", ""Spelunky"", ""Diablo III"", ""Diablo""]","[""Dwarf Fortress"", ""Hammerwatch"", ""Castlevania"", ""Metroid"", ""Transcendence""]"
177,Roguemare,http://roguebasin.roguelikedevelopment.org/index.php?title=Roguemare,https://lotuskip.github.io/,2017-10-02,2018-06-30,lotuskip,Other,"[""ADOM"", ""Alphaman""]",[],[],"[""Post Mortem"", ""Syberia"", ""Carmageddon"", ""Game of Thrones"", ""Deadly Premonition""]"
178,roguezombies,http://roguebasin.roguelikedevelopment.org/index.php?title=Roguezombies,http://code.google.com/p/roguezombies/,2011-10-12,2011-10-12,Ondras,Classic,[],[],"[""Diablo""]","[""Post Mortem"", ""Mars"", ""Syberia"", ""Carmageddon"", ""Game of Thrones""]"
179,Rouge,http://roguebasin.roguelikedevelopment.org/index.php?title=Rouge,http://roguelikeeducation.org/3.html,2014-01-05,2014-01-05,Tectorum,Historical,"[""CoreRL""]",[],[],"[""Post Mortem"", ""Elven Legacy"", ""Syberia"", ""Carmageddon"", ""Game of Thrones""]"
180,"Ruoeg, a minimalist roguelike",http://roguebasin.roguelikedevelopment.org/index.php?title=Ruoeg,https://github.com/SanchezSobrino/Ruoeg,2013-05-03,2013-05-03,Santiago Sanchez Sobrino,Fantasy,"[""Legend of Grimrock"", ""The Legend of Zelda""]",[],[],"[""Legend of Grimrock"", ""Trolls""]"
181,S.C.O.U.R.G.E.,http://roguebasin.roguelikedevelopment.org/index.php?title=SCOURGE,http://scourgeweb.org/,2004-03-14,2008-12-23,,,"[""NetHack"", ""Moria""]",[],[],"[""Rotate"", ""IO"", ""VC"", ""Q2"", ""5X""]"
182,SECTOR 2F,http://roguebasin.roguelikedevelopment.org/index.php?title=SECTOR 2F,http://devilbuddy.itch.io/sector-2f,2016-01-15,2016-01-17,Devilbuddy,Sci-fi,[],"[""Zone""]",[],"[""Destiny"", ""Stream"", ""Amazon"", ""Lumen"", ""Underworld""]"
183,Settlement,http://roguebasin.roguelikedevelopment.org/index.php?title=Settlement,http://www.alamak0ta.republika.pl/settlement.html,2009-01-01,2009-01-01,Jakub Debski,Hist./Fantasy,[],[],[],"[""Post Mortem"", ""Mars"", ""Syberia"", ""Rasputin"", ""Pilot""]"
184,Shepherd Slaughter,http://roguebasin.roguelikedevelopment.org/index.php?title=Shepherd Slaughter,http://blindhack.com/,2011-01-01,2012-05-30,Blindhack Software,"Fantasy, Adventure, Magic, Dangerous","[""NetHack"", ""Diablo"", ""Rogue""]",[],"[""Diablo""]","[""The Abbey"", ""Star Wars"", ""Gauntlet"", ""Rose"", ""Hank""]"
185,Shiny Gauntlet,http://roguebasin.roguelikedevelopment.org/index.php?title=Shiny Gauntlet,http://store.steampowered.com/app/454700/,2015-10-01,2017-04-17,Spritewrench,Fantasy,"[""The Binding of Isaac"", ""Nuclear Throne""]","[""Dungeon Hack""]","[""The Binding of Isaac""]","[""Gauntlet"", ""SOS"", ""Gran Turismo"", ""Thief"", ""Midas""]"
186,Shoot First,http://roguebasin.roguelikedevelopment.org/index.php?title=Shoot First,http://teknopants.com/games/shootfirst,2010-07-06,2010-07-28,Beau Blyth,Action / Co-op,"[""Robotron: 2084""]",[],[],"[""Pong"", ""The Warriors"", ""Borderlands"", ""Portal"", ""Fallout""]"
187,Sigmore Mines,http://roguebasin.roguelikedevelopment.org/index.php?title=Sigmore Mines,http://sigmoremines.ktgames.net/,2007-01-01,2007-01-01,Kamil Toszek ,fantasy,"[""Dweller""]","[""Rogue""]","[""Diablo""]","[""Manchester United"", ""World Cup"", ""Match"", ""Forest"", ""Africa""]"
188,Sigmore Mines 2,http://roguebasin.roguelikedevelopment.org/index.php?title=Sigmore Mines 2,http://sigmoremines2.ktgames.net/,2008-01-01,2008-01-01,Kamil Toszek ,fantasy,"[""Dweller"", ""Sigmore Mines""]","[""Sigmore Mines"", ""Rogue""]","[""Diablo""]","[""Call of Duty"", ""Mines"", ""Match"", ""Block"", ""Amazon""]"
189,Sigmore Mines 2 For Android,http://roguebasin.roguelikedevelopment.org/index.php?title=Sigmore Mines 2 For Android,http://www.ktgames.net/,2011-01-01,2011-01-01,Kamil Toszek ,fantasy,"[""Dweller"", ""Sigmore Mines""]","[""Sigmore Mines"", ""Rogue""]","[""Diablo""]","[""Gothic"", ""Match"", ""Dragon"", ""Football Manager"", ""Legends""]"
190,Sil,http://roguebasin.roguelikedevelopment.org/index.php?title=Sil,http://www.amirrorclear.net/flowers/game/sil/,2012-01-03,2016-01-04,half,Fantasy,"[""Angband""]","[""Angband"", ""Rogue""]",[],"[""Post Mortem"", ""Still Life"", ""Syberia"", ""Deadly Premonition"", ""Myst""]"
191,SilverQuest,http://roguebasin.roguelikedevelopment.org/index.php?title=SilverQuest,http://www.desura.com/games/silverquest,2008-09-02,2011-09-19,Wolfgang Wozniak (''SilverQuestGame@gmail.com''),Fantasy,"[""Diablo"", ""Dwarf Fortress"", ""The Legend of Zelda""]",[],"[""Diablo""]","[""Dwarf Fortress"", ""Final Fantasy"", ""Star Wars""]"
192,Skills Angband (Sangband),http://roguebasin.roguelikedevelopment.org/index.php?title=Skills Angband,http://code.google.com/p/skills-angband/,1998-07-20,2010-10-08,"Leon Marrick, Joshua Middendorf",Fantasy,"[""Angband"", ""Oangband""]","[""Angband"", ""Moria"", ""Sil"", ""Oangband"", ""Rogue""]","[""Diablo III""]","[""EverQuest"", ""Time"", ""Star Wars"", ""Monopoly"", ""Energy""]"
193,SLASH'EM,http://roguebasin.roguelikedevelopment.org/index.php?title=SLASH'EM,http://slashem.sourceforge.net,2006-12-30,2006-12-30,The SLASH'EM DevTeam,fantasy,"[""NetHack"", ""SLASH""]","[""NetHack"", ""Hack"", ""Rogue"", ""NitroHack"", ""Angband""]",[],"[""Eye"", ""Amulet of Yendor"", ""Sokoban"", ""Amy"", ""Sanctum""]"
194,Slash'EM Extended,http://roguebasin.roguelikedevelopment.org/index.php?title=Slash'EM Extended,http://nethackwiki.com/wiki/Slash%27EM_Extended,2013-12-16,2018-02-15,Amy Bluescreenofdeath,fantasy,"[""NetHack"", ""SLASH"", ""SLASH'EM"", ""UnNetHack"", ""SporkHack"", ""Tales of Maj'Eyal"", ""Angband"", ""ADOM""]","[""NetHack"", ""Rogue"", ""Angband"", ""Larn"", ""TomeNET""]","[""Diablo""]","[""Sokoban"", ""Amy"", ""Amulet of Yendor"", ""The Legend of Zelda"", ""Doom""]"
195,Sleeping Beauty,http://roguebasin.roguelikedevelopment.org/index.php?title=Sleeping Beauty,http://ondras.github.io/sleeping-beauty/,2017-03-10,2017-03-10,Ondras,Internal,[],[],"[""Diablo""]","[""Moon"", ""Hubert"", ""Fairy"", ""Africa"", ""Kingdom Hearts""]"
196,Space Grunts,http://roguebasin.roguelikedevelopment.org/index.php?title=Space grunts,http://spacegrunts.com,2015-09-15,2015-11-08,Orangepixel,Sci-fi,"[""Brogue"", ""Half-way"", ""DoomRL""]","[""Brogue"", ""Rogue"", ""Pixel Dungeon""]",[],"[""Assassin"", ""Fable II"", ""Prince of Persia"", ""Max Payne"", ""Gone Home""]"
197,Spelly,http://roguebasin.roguelikedevelopment.org/index.php?title=Spelly,https://spelly-game.firebaseapp.com/?utm_source=rb&utm_medium=sidebar&utm_campaign=spelly,2015-01-01,2016-05-19,tps12,Anagrams,"[""Scrabble""]",[],"[""Diablo""]","[""Post Mortem"", ""Syberia"", ""Carmageddon"", ""Game of Thrones"", ""Assassin""]"
198,Sproggiwood,http://roguebasin.roguelikedevelopment.org/index.php?title=Sproggiwood,http://www.freeholdgames.com,2014-01-01,2014-01-01,Freehold Games,Finnish fantasy,"[""Caves of Qud"", ""ADOM"", ""Defense of the Ancients""]","[""Caves of Qud"", ""100 Rogues"", ""ADOM"", ""Rogue""]","[""The Binding of Isaac"", ""Enter the Gungeon""]","[""Post Mortem"", ""Journey"", ""XIII"", ""Normality"", ""Gettysburg""]"
199,SRogue,http://roguebasin.roguelikedevelopment.org/index.php?title=SRogue,http://saufnix.dynalias.org/downloads/srogue/index.html,2010-01-01,2010-01-01,Thomas_Strasser,Fantasy,"[""Rogue"", ""Ultima""]",[],[],"[""Post Mortem"", ""Syberia"", ""Mars"", ""Carmageddon"", ""Game of Thrones""]"
200,Star Wars Miniature,http://roguebasin.roguelikedevelopment.org/index.php?title=Star-wars,https://github.com/ondras/star-wars,2012-11-20,2012-11-20,Ondras,Star Wars,[],[],[],"[""Star Wars"", ""Game of Thrones"", ""Kingdom Hearts"", ""Droids"", ""Legion""]"
201,Steam Sky,http://roguebasin.roguelikedevelopment.org/index.php?title=Steam sky,https://thindil.github.io/steamsky/,2016-07-24,2018-07-01,Thindil,Steampunk,"[""Dwarf Fortress"", ""Elite"", ""Cataclysm: Dark Days Ahead""]","[""HyperRogue""]",[],"[""The Witness"", ""Braid"", ""Portal"", ""Artifact"", ""Infinite Monkeys""]"
202,Super-Rogue,http://roguebasin.roguelikedevelopment.org/index.php?title=Super-Rogue,http://rogue.rogueforge.net/super-rogue-9-0/,2004-01-01,2005-03-22,"Robert D. Kindelberger, Roguelike Restoration Project, others",,"[""Rogue""]","[""Rogue"", ""NetHack"", ""Angband"", ""Moria"", ""ZAngband""]","[""Diablo""]","[""Crawl"", ""Artillery"", ""World of Warcraft"", ""Thief"", ""Stealth""]"
203,Sword of Fargoal,http://roguebasin.roguelikedevelopment.org/index.php?title=Sword of Fargoal,http://fargoal.com/,1983-01-01,1983-01-01,Jeff McCord,Fantasy,[],"[""NetHack"", ""Rogue"", ""Hack"", ""Rogue Touch"", ""DoomRL""]","[""Diablo""]","[""Search"", ""Puzzle"", ""Sports"", ""Ultima"", ""Assassin""]"
204,Sword of the Stars: The Pit,http://roguebasin.roguelikedevelopment.org/index.php?title=Sword of the Stars: The Pit,http://sots-thepit.com/,2013-01-01,2016-03-21,Kerberos Productions,Science Fiction,"[""Rogue"", ""NetHack"", ""Diablo""]","[""Rogue"", ""NetHack""]",[],"[""The Pit"", ""Sword of the Stars"", ""Amazon"", ""Mind Games"", ""Memory""]"
205,Tale written in bytes,http://roguebasin.roguelikedevelopment.org/index.php?title=Tale written in bytes,http://aniolycyberprzestrzeni.pl/Projects/Details/1,2018-01-12,2018-01-12,Dawid Farbaniec,Cyber-fantasy,[],"[""Rogue""]",[],"[""Egypt"", ""VC"", ""Qb"", ""XS"", ""5X""]"
206,Tales of Maj'Eyal,http://roguebasin.roguelikedevelopment.org/index.php?title=Tales of Maj'Eyal,http://te4.org/,2010-10-24,2017-03-09,"DarkGod, various Dark Priests",Fantasy,[],"[""Angband"", ""PernAngband"", ""Tales of Middle Earth""]",[],"[""Galaxy"", ""Gift"", ""Gothic"", ""Void"", ""Stream""]"
207,Tales of Middle Earth,http://roguebasin.roguelikedevelopment.org/index.php?title=Tales of Middle Earth,http://ftp.sunet.se/mirror/archive/ftp.sunet.se/pub/games/Angband/Variant/PernAngband/,2000-01-01,2008-01-01,DarkGod,Fantasy,"[""Angband"", ""PernAngband""]","[""Angband"", ""Moria""]",[],"[""The Hobbit"", ""The Two Towers"", ""The Fellowship of the Ring"", ""Necromancer"", ""Again""]"
208,Tangledeep,http://roguebasin.roguelikedevelopment.org/index.php?title=Tangledeep,https://store.steampowered.com/app/628770/Tangledeep/,2017-01-01,2018-02-01,Impact Gameworks,Fantasy,"[""Secret of Mana"", ""Final Fantasy""]",[],"[""Diablo""]","[""Secret of Mana"", ""Memory"", ""Chrono Trigger"", ""Final Fantasy"", ""Switch""]"
209,Tastes Like Spelunky,http://roguebasin.roguelikedevelopment.org/index.php?title=Tastes Like Spelunky,http://mossmouth.com/forums/index.php?topic=1087.0,2010-01-01,2011-01-01,Halibabica,Sci-fi,"[""Spelunky""]","[""Rogue""]","[""Spelunky"", ""Rogue Legacy""]","[""Gone Home"", ""Spelunker"", ""Jersey Devil"", ""Awesome"", ""Monster Hunter""]"
210,Teemu,http://roguebasin.roguelikedevelopment.org/index.php?title=Teemu,http://koti.mbnet.fi/paulkp/teemu/teemu.htm,2008-12-07,2010-09-24,Paul Pekkarinen,Fantasy,[],[],[],"[""Post Mortem"", ""APB"", ""Deadly Premonition"", ""Rasputin"", ""Syberia""]"
211,Teleglitch,http://roguebasin.roguelikedevelopment.org/index.php?title=Teleglitch,http://teleglitch.com/,2012-11-24,2013-01-01,Johamm Tael & Mihkel Tael,Sci-fi Survival Horror,"[""Doom"", ""Alien Breed""]","[""Hack""]","[""Spelunky""]","[""Doom"", ""Carmageddon"", ""Game of Thrones"", ""Shoot"", ""Extreme""]"
212,Telengard,http://roguebasin.roguelikedevelopment.org/index.php?title=Telengard,http://www.aquest.com/telen.htm,1982-01-01,1982-01-01,Daniel M. Lawrence,Fantasy,"[""DND""]","[""DND"", ""Omega"", ""NetHack"", ""Hack"", ""Rogue""]","[""Diablo""]","[""Oubliette"", ""Adventure Quest"", ""Search"", ""Ultima"", ""Post Mortem""]"
213,The Chase,http://roguebasin.roguelikedevelopment.org/index.php?title=The Chase,http://nerdygentleman.itch.io/the-chase,2015-03-14,2015-03-15,Lachlan Kingsford and Wade Dyer,Horror,"[""Super Mario Bros.""]",[],[],"[""Pong"", ""Crown"", ""Space Invaders"", ""Colorado"", ""Angry Birds""]"
214,The Conception,http://roguebasin.roguelikedevelopment.org/index.php?title=The Conception,http://ondras.zarovi.cz/games/conception/,2013-03-16,2013-03-16,Ondras,Internal,[],"[""The Hunger Games"", ""Decker"", ""Hack""]",[],"[""Game of Thrones"", ""Call of Duty"", ""Genghis Khan"", ""The House"", ""Pong""]"
215,The Depths of Tolagal,http://roguebasin.roguelikedevelopment.org/index.php?title=The Depths of Tolagal,http://www.the-depths-of-tolagal.com/,2014-11-07,2015-02-01,Angry Toad Studios,Fantasy,[],"[""Tangledeep""]","[""Diablo""]","[""Fallout"", ""Mass Effect"", ""Deus Ex"", ""Gothic"", ""The Witcher""]"
216,The Dungeon,http://roguebasin.roguelikedevelopment.org/index.php?title=The Dungeon,http://www.jtiv.net/,2010-10-31,2010-12-18,Half-Bit Software,Fantasy,"[""The Dungeon of Doom""]","[""Fame"", ""DND"", ""Omega"", ""Rogue""]","[""Diablo""]","[""Fate"", ""Dungeon Master"", ""Silent Hill"", ""Shadowrun"", ""Descent""]"
217,The Duster in the Bunker,http://roguebasin.roguelikedevelopment.org/index.php?title=The Duster in the Bunker,https://relativisticcomplexitist.itch.io/the-duster-in-the-bunker,2018-07-27,2018-07-27,relativisticcomplexitist,"Sci-fi, Martial Arts","[""Conway's Game of Life"", ""Dungeon Crawl Stone Soup"", ""Caves of Qud"", ""Dragon Ball""]","[""Caves of Qud""]",[],"[""Caesar"", ""Wild Card"", ""Eye"", ""Cold War"", ""Conspiracy""]"
218,The Ground Gives Way,http://roguebasin.roguelikedevelopment.org/index.php?title=The Ground Gives Way,http://www.thegroundgivesway.com,2014-06-20,2018-04-11,BtS,Fantasy,"[""Castlevania"", ""POWDER"", ""Incursion"", ""Angband""]","[""ADOM"", ""POWDER"", ""Brogue""]",[],"[""Wings"", ""Max"", ""Seven"", ""Isis"", ""Monopoly""]"
219,The Lair of Xar,http://roguebasin.roguelikedevelopment.org/index.php?title=The Lair of Xar,http://www.cniska.net/index.html,2011-10-06,2011-10-06,Calistar,Fantasy,"[""NetHack"", ""ADOM"", ""Diablo""]","[""NetHack"", ""ADOM""]",[],"[""God of War"", ""Game of Thrones"", ""Henry"", ""Waterloo"", ""Coliseum""]"
220,The Land,http://roguebasin.roguelikedevelopment.org/index.php?title=The Land,http://www.elf-emulation.com/rcs/TheLand_5_0_2.zip,1985-01-01,2013-01-01,Mike Riley,Fantasy,"[""Rogue""]","[""Rogue""]",[],"[""Manchester United"", ""Genesis"", ""Sacrifice"", ""Soviet"", ""Football""]"
221,The Minstrel's Song,http://roguebasin.roguelikedevelopment.org/index.php?title=The Minstrel's Song,http://jonathanscorner.com/tms/download/download.html,1998-01-01,2005-08-22,Jonathan Hayward,Fantasy,"[""Christianity""]",[],[],"[""Heaven"", ""Rose"", ""Jonathan"", ""Hacker"", ""Ajax""]"
222,The Rogue of 5,http://roguebasin.roguelikedevelopment.org/index.php?title=The Rogue of 5,https://jan-rl.itch.io/therogueof5,2017-12-21,2017-12-21,Jan,Fantasy,"[""POWDER"", ""Brogue""]","[""Rogue"", ""POWDER""]",[],"[""God of War"", ""Myth"", ""Thief"", ""Star Wars"", ""Vikings""]"
223,The Royal Wedding,http://roguebasin.roguelikedevelopment.org/index.php?title=The Royal Wedding,http://ondras.zarovi.cz/games/trw/,2013-03-04,2013-03-04,Ondras,Classical,[],[],[],"[""Game of Thrones"", ""Catherine"", ""Love"", ""Africa"", ""Anna""]"
224,The Ruins of,http://roguebasin.roguelikedevelopment.org/index.php?title=The Ruins of,http://www.theruinsof.com/,2009-01-01,2012-01-01,Ben Hendel-Doying,Pre-WWI adventuring archaeology,"[""Rogue""]",[],[],"[""Henry"", ""Game of Thrones"", ""Pong"", ""BioShock"", ""Space Invaders""]"
225,The Temple of Torment,http://roguebasin.roguelikedevelopment.org/index.php?title=The Temple of Torment,http://www.thetempleoftorment.net,2014-01-01,2018-05-26,Aukustus,"Fantasy, Late Medieval","[""Diablo"", ""Baldur's Gate"", ""ADOM"", ""d20""]","[""ADOM"", ""Angband"", ""Rogue"", ""Fame""]","[""Diablo""]","[""Egypt"", ""Mars"", ""Aztec"", ""Venus"", ""Satan""]"
226,The Thirty One Lieutenants of Sorcerer Bedsui,http://roguebasin.roguelikedevelopment.org/index.php?title=The Thirty One Lieutenants of Sorcerer Bedsui,http://antumbrastation.com/bedsui-project.html,2017-10-14,2018-02-02,Antumbrastation,Fantasy,"[""ChessRogue"", ""Hneftafl""]","[""ChessRogue""]",[],"[""Persona"", ""Eye of the Beholder"", ""Africa"", ""Love"", ""Enigma""]"
227,The Tomb of Drewan,http://roguebasin.roguelikedevelopment.org/index.php?title=The Tomb of Drewan,http://studio2.classicgaming.gamespy.com/valley/valley.htm,1982-01-01,1982-01-01,,Fantasy,[],[],[],"[""Tomb Raider"", ""Egypt"", ""Edge"", ""Trinity"", ""Mirror""]"
228,The Infinite Dungeons,http://roguebasin.roguelikedevelopment.org/index.php?title=TheInfiniteDungeons,http://www.windowsphone.com/en-us/store/app/the-infinite-dungeons/7d891627-aac0-4c29-9fa2-e517874b2377,2014-09-03,,Dawid Farbaniec,Fantasy,"[""Rogue""]","[""Dungeon Hack"", ""Rogue""]","[""Diablo""]","[""Dungeon Master"", ""Game of Thrones"", ""Satan"", ""Neverwinter Nights"", ""Icewind Dale""]"
229,theTombs,http://roguebasin.roguelikedevelopment.org/index.php?title=TheTombs,http://www.thetombs.com/,2005-04-16,2005-04-16,Martin Woodard,Fantasy,[],"[""Rogue"", ""Moria"", ""NetHack"", ""Angband"", ""ADOM""]","[""Diablo""]","[""Post Mortem"", ""Game of Thrones"", ""Syberia"", ""Carmageddon"", ""Doom""]"
230,TileRogue,http://roguebasin.roguelikedevelopment.org/index.php?title=TileRogue,http://www.freewebs.com/drussell/TileRogue.htm,2008-03-27,2008-03-27,Donnie Russell,,"[""Rogue""]","[""Rogue""]",[],"[""Post Mortem"", ""Mars"", ""Deadly Premonition"", ""Rasputin"", ""Still Life""]"
231,TomeNET,http://roguebasin.roguelikedevelopment.org/index.php?title=TomeNET,http://www.tomenet.eu/,2001-01-01,2017-03-11,"C. Blue, Mikael, Adam, Relsiet (Runecraft), Moltor (Arcade), Kurzel (Runecraft+general)",Tolkien,"[""MAngband""]","[""MAngband"", ""Tales of Middle Earth""]",[],"[""StarCraft"", ""Destiny"", ""Arrow"", ""Tron"", ""ZIP""]"
232,TraumaRL,http://roguebasin.roguelikedevelopment.org/index.php?title=TraumaRL,http://flend.net,2014-03-16,2014-05-01,"flend, ShroomArts",scifi,"[""DoomRL"", ""System Shock""]","[""DoomRL"", ""FlatlineRL""]",[],"[""Post Mortem"", ""Syberia"", ""Carmageddon"", ""Game of Thrones"", ""Blade Runner""]"
233,Triangle Wizard,http://roguebasin.roguelikedevelopment.org/index.php?title=Triangle Wizard,http://trianglewizard.webs.com/,2008-10-27,2018-01-16,Wouter van den Wollenberg ,Fantasy,"[""NetHack"", ""Diablo"", ""Age of Wonders""]","[""NetHack""]","[""Diablo""]","[""Bermuda Triangle"", ""Atlantis"", ""Puerto Rico"", ""UFO"", ""Fireball""]"
234,TwilightMMORL,http://roguebasin.roguelikedevelopment.org/index.php?title=TwilightMMORL,http://twilightmmorl.wordpress.com/,2008-01-01,2010-01-01,Moomast3r,"Fantasy, Multiplayer",[],[],"[""Diablo""]","[""Post Mortem"", ""Syberia"", ""Carmageddon"", ""Game of Thrones"", ""Deus Ex""]"
235,Ugly Rogue,http://roguebasin.roguelikedevelopment.org/index.php?title=Ugly Rogue,http://www.ugly-dogs.com,2012-02-20,2012-02-22,uglydogs,Fantasy,"[""NetHack"", ""Diablo""]",[],"[""Rogue Legacy""]","[""Civil War"", ""Portal"", ""Wolverine"", ""Dirty Harry"", ""Star Wars""]"
236,Ularn,http://roguebasin.roguelikedevelopment.org/index.php?title=Ularn,http://www.ularn.org/,1992-01-01,2006-11-14,"Phil Cordier, Josh Brandt, Josh Bressers, David Richerby",Fantasy,"[""Larn""]","[""Larn"", ""Hack"", ""Angband"", ""NetHack"", ""Fame""]",[],"[""Savage"", ""Batman"", ""Football"", ""Apache"", ""Guess""]"
237,UltraRogue,http://roguebasin.roguelikedevelopment.org/index.php?title=UltraRogue,http://rogue.rogueforge.net/ultrarogue-1-07/,2005-01-01,2005-02-07,"Herb Chong, Roguelike Restoration Project, others",,"[""Rogue"", ""Advanced Rogue""]","[""Rogue"", ""Advanced Rogue"", ""XRogue"", ""LinuxRogue"", ""Rogue Clone""]",[],"[""Biggest Little Adventure"", ""Wiz"", ""South Park"", ""Siege of Avalon"", ""MAG""]"
238,UnBrogue,http://roguebasin.roguelikedevelopment.org/index.php?title=UnBrogue,http://roguelikedeveloper.blogspot.com.au/search/label/unbrogue,2012-01-01,2013-07-15,Andrew Doull,Fantasy,"[""Brogue""]","[""Brogue"", ""Angband""]",[],"[""Post Mortem"", ""Search"", ""Deadly Premonition"", ""Stealth"", ""Syberia""]"
239,Unexplored,http://roguebasin.roguelikedevelopment.org/index.php?title=Unexplored,http://www.ludomotion.com/article.php?ref=unexplored,2016-08-10,2017-02-22,Ludomotion,Fantasy,"[""Brogue""]","[""Brogue"", ""Rogue""]",[],"[""Post Mortem"", ""Reus"", ""Deadly Premonition"", ""Syberia"", ""Switch""]"
240,UnAngband,http://roguebasin.roguelikedevelopment.org/index.php?title=Unnamed Angband,https://dgolddragon28.github.io/Unangband/,2000-11-04,2017-10-30,"Andrew Doull, DGoldDragon28",Fantasy,"[""Angband""]","[""Angband"", ""UnBrogue"", ""NPPAngband"", ""NPPMoria"", ""Hack""]",[],"[""Search"", ""Hotel"", ""Suspect"", ""Knock"", ""Star Trek""]"
241,UnPabloQuest,http://roguebasin.roguelikedevelopment.org/index.php?title=UnPabloQuest,http://vedrl.wordpress.com,2015-01-01,2016-01-01,Vedor,fantasy,"[""PabloQuest"", ""Angband"", ""NetHack"", ""Dwarf Fortress""]","[""Angband"", ""NetHack""]","[""Diablo""]","[""Post Mortem"", ""Syberia"", ""Carmageddon"", ""Game of Thrones"", ""Deadly Premonition""]"
242,UnReal World,http://roguebasin.roguelikedevelopment.org/index.php?title=UnReal World,http://www.unrealworld.fi,1992-01-01,2018-04-01,Sami Maaranen,Survival,[],"[""ADOM"", ""Rogue"", ""Hack"", ""Moria"", ""Angband""]","[""Spelunky"", ""The Binding of Isaac"", ""Diablo""]","[""Quake"", ""Dwarf Fortress"", ""Survival"", ""Lion"", ""Ultima""]"
243,Valhalla,http://roguebasin.roguelikedevelopment.org/index.php?title=Valhalla,https://sourceforge.net/projects/zpg/,2012-04-22,2015-04-16,Iniquitatis,Fantasy,"[""Diablo"", ""Dungeon Crawl Stone Soup"", ""Dungeon Siege""]","[""Dungeon Crawl Stone Soup""]","[""Diablo""]","[""Post Mortem"", ""Deadly Premonition"", ""Still Life"", ""Syberia"", ""Hotel""]"
244,Voyage to Farland,http://roguebasin.roguelikedevelopment.org/index.php?title=Voyage to Farland,http://www.peculiar-games.com/,2010-06-05,2015-11-12,P.A. Casey (crow),Fantasy,"[""Mystery Dungeon: Shiren the Wanderer""]","[""Rogue"", ""Rodney""]",[],"[""Hero"", ""Search"", ""Voyage"", ""Nosferatu"", ""Nexus""]"
245,WazHack,http://roguebasin.roguelikedevelopment.org/index.php?title=WazHack,http://www.wazhack.com/,2012-06-25,2014-01-01,Warwick Allison (Waz),Fantasy,"[""Rogue"", ""NetHack""]","[""NetHack"", ""Rogue"", ""Dungeons of Dredmor"", ""Angband""]","[""Spelunky""]","[""Post Mortem"", ""Syberia"", ""Egypt"", ""Nexus"", ""Doom""]"
246,Web Raid,http://roguebasin.roguelikedevelopment.org/index.php?title=WebRaid,http://webraid.freehosting.net/index.html,2010-01-20,2010-04-23,Karlheinz Agsteiner,None particularly,"[""NetHack""]","[""Web Raid Mobile"", ""NetHack""]",[],"[""Swarm"", ""5x5"", ""Gladiator"", ""Strike"", ""Awesome""]"
247,Web Raid Mobile,http://roguebasin.roguelikedevelopment.org/index.php?title=WebRaidMobile,https://market.android.com/details?id=de.agsteiner.android.webraid,2011-11-02,2013-11-05,Karlheinz Agsteiner,None particularly,"[""NetHack"", ""Web Raid""]","[""Web Raid"", ""NetHack""]",[],"[""Swarm"", ""Polaris"", ""Dive"", ""Load"", ""Flappy Bird""]"
248,WindTales,http://roguebasin.roguelikedevelopment.org/index.php?title=WindTales,http://www.windowsphone.com/en-us/store/app/windtales/b67730e3-2560-4e66-953c-f409cf07f2be,2014-04-02,,Dawid Farbaniec,Fantasy,[],[],[],"[""Post Mortem"", ""Fusion"", ""Deadly Premonition"", ""Syberia"", ""Monster Hunter""]"
249,WindTales3D,http://roguebasin.roguelikedevelopment.org/index.php?title=WindTales3D,http://www.windowsphone.com/en-us/store/app/windtales3d-orcs-gold/068213ae-9048-40b9-aa24-236c15d89c84,2014-08-25,,Dawid Farbaniec,Fantasy,[],"[""Hack""]",[],"[""Post Mortem"", ""Deadly Premonition"", ""Syberia"", ""Dear Esther"", ""Forest""]"
250,XAngband,http://roguebasin.roguelikedevelopment.org/index.php?title=XAngband,http://xangband.sourceforge.jp/eng/,2003-04-03,2009-03-05,iks,Fantasy,"[""ZAngband""]","[""ZAngband"", ""Angband""]",[],"[""Post Mortem"", ""Mars"", ""Still Life"", ""Deadly Premonition"", ""Syberia""]"
251,Xenomorph 7drl of Infinite Underworld,http://roguebasin.roguelikedevelopment.org/index.php?title=Xenomorph 7drl of Infinite Underworld,https://coolai.itch.io/xenomorph-7drl,2018-03-11,2018-01-01,Anohin Denis,Fantasy,"[""Demon Tactic"", ""Gruesome""]","[""Pixel Dungeon""]",[],"[""Xenomorph""]"
252,XirrelaiRPG,http://roguebasin.roguelikedevelopment.org/index.php?title=XirrelaiRPG,http://forgottenplanet.com/caillan/xirrelairpg/index.html,2011-01-26,2011-05-17,Pteriforever,DNDish Stock Fantasy,"[""SLASH'EM"", ""Tales of Maj'Eyal"", ""Merlin's Revenge 2""]",[],"[""Diablo""]","[""Post Mortem"", ""Deadly Premonition"", ""Syberia"", ""Black"", ""Game of Thrones""]"
253,XLarn,http://roguebasin.roguelikedevelopment.org/index.php?title=XLarn,http://swinfjord-games.com/LarnII-us.html,2015-05-25,2016-07-30,Swinfjord-Games,Fantasy,"[""Larn""]","[""Cogmind"", ""Larn""]",[],"[""Post Mortem"", ""Deadly Premonition"", ""Syberia"", ""Rust"", ""Resident Evil""]"
254,XRogue,http://roguebasin.roguelikedevelopment.org/index.php?title=XRogue,http://rogue.rogueforge.net/xrogue-8-0/,2000-01-01,2015-11-29,"Robert Pietkivitch, Roguelike Restoration Project, others",,"[""Super-Rogue"", ""Advanced Rogue""]","[""Rogue"", ""Advanced Rogue"", ""UltraRogue"", ""LinuxRogue"", ""Rogue Clone""]",[],"[""MAG"", ""Spot"", ""Post Mortem"", ""Memento Mori"", ""Turbo""]"
255,Yin-Yangband,http://roguebasin.roguelikedevelopment.org/index.php?title=Yin-Yangband,http://www.angband.pwp.blueyonder.co.uk/ying.html,,,Dag Arneson,Fantasy,"[""Angband""]","[""Angband""]",[],"[""Extreme"", ""Light"", ""Dark"", ""Dragon"", ""Opposites""]"
256,Yodanji,http://roguebasin.roguelikedevelopment.org/index.php?title=Yodanji,http://www.kemco.jp/sp/games/yodanji/en/index.html,2017-01-01,2017-06-05,Kemco,Yokai,[],[],[],"[""Post Mortem"", ""Syberia"", ""Circle of Blood"", ""Puzzle"", ""Myst""]"
257,ZAngband,http://roguebasin.roguelikedevelopment.org/index.php?title=Zangband,http://www.zangband.org,1994-01-01,2004-08-02,Topi Ylinen,Fantasy,"[""Angband""]","[""Angband"", ""Moria"", ""NetHack"", ""Hengband"", ""Oangband""]",[],"[""Search"", ""Star Wars"", ""Post Mortem"", ""Doom"", ""World of Warcraft""]"
258,ZigClimb,http://roguebasin.roguelikedevelopment.org/index.php?title=ZigClimb,http://flend.net,2010-01-10,,flend,Egypt,[],[],[],"[""Post Mortem"", ""Cloud"", ""Syberia"", ""Hotel"", ""Suspect""]"
259,Zomband,http://roguebasin.roguelikedevelopment.org/index.php?title=Zomband,http://www.zooptek.net/drupal/?q=node/15,2007-03-31,2008-07-20,ZoopTEK,Zombies,"[""Angband""]","[""Angband""]",[],"[""Post Mortem"", ""Syberia"", ""Carmageddon"", ""Game of Thrones"", ""Fallout""]"
260,Zombie Rogue,http://roguebasin.roguelikedevelopment.org/index.php?title=Zombie Rogue,https://gamefish.itch.io/,2018-03-16,2018-04-22,Game Fish,Zombie,"[""Cardinal Quest"", ""Pixel Dungeon""]","[""Cardinal Quest"", ""Pixel Dungeon"", ""Dungeon Crawl Stone Soup"", ""Rogue""]",[],"[""Zombies"", ""Zombie Exodus"", ""Dead Island"", ""Dead Zone"", ""Survival""]"
261,Zone,http://roguebasin.roguelikedevelopment.org/index.php?title=Zone,http://zonedev.tumblr.com/,2012-04-15,2012-04-15,Quarry,Zombie Apocalypse,[],[],[],"[""Post Mortem"", ""Still Life"", ""Syberia"", ""Deadly Premonition"", ""Red Dead Redemption""]"
